step,loss,grad_norm,seconds
1,0.42073309421539307,0.4890289604663849,2.7577174400000217
2,0.3597106337547302,0.5331434607505798,0.4608307489999959
3,0.3728131651878357,0.47194331884384155,0.42695799300000203
4,0.3316833972930908,0.4606241285800934,0.4296735389999924
5,0.3380134105682373,0.5059391856193542,0.4058951769999908
6,0.3384202718734741,0.4592941701412201,0.40353841099999954
7,0.3169994056224823,0.5172287821769714,0.409748086999997
8,0.276180624961853,0.4520784020423889,0.41706132600000956
9,0.3573315143585205,0.45180535316467285,0.4062540920000117
10,0.2843058705329895,0.5746356248855591,0.40761304800000175
11,0.31604450941085815,0.6344274878501892,0.4198668429999941
12,0.3147397041320801,0.5733894109725952,0.4214251849999755
13,0.27906468510627747,0.5511860847473145,0.4265115489999971
14,0.28574782609939575,0.5350822806358337,0.39376762999998505
15,0.2676445245742798,0.6015107035636902,0.41401537400000166
16,0.24674414098262787,0.476978063583374,0.41202381499999774
17,0.2318107932806015,0.4603893756866455,0.4113740630000109
18,0.29369470477104187,0.3886304199695587,0.4083365049999941
19,0.25764548778533936,0.5615888833999634,0.4163545770000212
20,0.26133906841278076,0.7114788889884949,0.4159035229999972
21,0.2303498387336731,0.6112703680992126,0.40103881599998203
22,0.21710938215255737,0.37065133452415466,0.4051492950000011
23,0.26754093170166016,0.554175853729248,0.4016824999999926
24,0.21358582377433777,0.5557817220687866,0.39946990100000335
25,0.31069326400756836,0.6142910718917847,0.4289521369999818
26,0.2491157054901123,0.45363426208496094,0.4142276460000005
27,0.21931874752044678,0.6800138354301453,0.411074866000007
28,0.2340937852859497,0.7403239607810974,0.40939759300002265
29,0.22022688388824463,0.46716949343681335,0.4063493929999993
30,0.24218043684959412,0.8414403796195984,0.41258817899998235
31,0.2408108413219452,0.3830711841583252,0.41700601200000165
32,0.20167303085327148,0.4268657863140106,0.40430979999999295
33,0.2325330227613449,0.5958005785942078,0.4141036389999897
34,0.22845767438411713,0.48755860328674316,0.3998183209999979
35,0.2034236490726471,0.6725848317146301,0.4089251529999842
36,0.19050145149230957,0.6033746600151062,0.40929434699998524
37,0.20095255970954895,0.44042783975601196,0.4087020819999907
38,0.21432268619537354,0.7370429635047913,0.403300999999999
39,0.26159045100212097,0.412025511264801,0.3991740900000025
40,0.23913154006004333,0.434232622385025,0.39952799399998185
41,0.25821536779403687,0.44230562448501587,0.40454463699998655
42,0.20903760194778442,0.6364140510559082,0.4132167620000189
43,0.2016061544418335,0.6206250786781311,0.41884046499998817
44,0.231770321726799,0.8506402969360352,0.42630420999998364
45,0.20625966787338257,0.5323795080184937,0.4102277030000039
46,0.25237414240837097,0.6213476061820984,0.405755054999986
47,0.21957820653915405,0.5190303325653076,0.4096186120000027
48,0.24025075137615204,0.7082153558731079,0.4088931399999751
49,0.22085948288440704,0.452041894197464,0.4082410569999979
50,0.2117607742547989,0.5948490500450134,0.40141807199998425
51,0.1973634660243988,0.5035941004753113,0.43403056700000775
52,0.18999716639518738,0.4520336389541626,0.4300439110000127
53,0.2229633927345276,0.5986894965171814,0.41829723100002525
54,0.20953695476055145,0.4411293864250183,0.4136091219999969
55,0.2173965722322464,0.5732890963554382,0.39560654699999986
56,0.19818592071533203,0.5837158560752869,0.4254886450000015
57,0.20816007256507874,0.4787624478340149,0.40701172900000415
58,0.20091471076011658,0.54072505235672,0.4065542820000019
59,0.192406564950943,0.44729265570640564,0.4035719620000009
60,0.20517498254776,0.6590846180915833,0.4308819080000035
61,0.18324396014213562,0.671718180179596,0.4180399929999794
62,0.1744299679994583,0.549170970916748,0.4109115910000014
63,0.17204782366752625,0.550739586353302,0.4134878539999818
64,0.20608997344970703,0.7001166343688965,0.4111310709999998
65,0.1816582977771759,0.6236563324928284,0.432830598999999
66,0.22299662232398987,0.5644946694374084,0.41990422400002103
67,0.1874922811985016,0.6516762971878052,0.4063367819999826
68,0.1695859581232071,0.6047205328941345,0.4092223869999998
69,0.21431958675384521,0.691767692565918,0.41288147200000935
70,0.21917426586151123,0.7943177223205566,0.40631127999998284
71,0.18642443418502808,0.5529224872589111,0.4086273320000089
72,0.20535187423229218,0.3737391531467438,0.40218452700000284
73,0.16823703050613403,0.5156925320625305,0.41378913599999123
74,0.18174925446510315,0.4914766550064087,0.41164732900000445
75,0.2059776932001114,0.4558924734592438,0.43134485100000575
76,0.21915863454341888,0.5825218558311462,0.409906436
77,0.18348178267478943,0.5612430572509766,0.40115443800002026
78,0.18380363285541534,0.5218181610107422,0.4091298019999954
79,0.18845124542713165,0.49273598194122314,0.4048461490000079
80,0.20034214854240417,0.48884865641593933,0.4092205759999956
81,0.17827856540679932,0.5565947890281677,0.4104950089999875
82,0.1828203797340393,0.6386657953262329,0.41749070599999527
83,0.23829635977745056,0.6077906489372253,0.41178722500001186
84,0.1624901294708252,0.4994755983352661,0.4045522549999987
85,0.1781892478466034,0.6388466954231262,0.4055873079999799
86,0.18761038780212402,0.5478478074073792,0.40112630499999113
87,0.199730783700943,0.49432700872421265,0.4022218309999914
88,0.1984337866306305,0.4126679599285126,0.41563555700000165
89,0.21391862630844116,0.5406040549278259,0.42896807200000353
90,0.16562581062316895,0.46777060627937317,0.4091130850000013
91,0.21000346541404724,0.5374773740768433,0.4037016339999866
92,0.16701945662498474,0.5919997096061707,0.4140253949999817
93,0.18115250766277313,0.3774755299091339,0.4104407640000147
94,0.19224800169467926,0.6993933916091919,0.40996972700000356
95,0.19972878694534302,0.42403069138526917,0.40575404399999115
96,0.16838255524635315,0.5814962983131409,0.4100039569999865
97,0.1528877317905426,0.4614868462085724,0.412261218000026
98,0.1790677011013031,0.5702090263366699,0.40378074500000594
99,0.17318756878376007,0.4740024209022522,0.41378475700000195
100,0.1938302218914032,0.5038150548934937,0.4203819299999907
101,0.16341179609298706,0.48239532113075256,0.4148000669999874
102,0.16500559449195862,0.5633296370506287,0.41282603300001597
103,0.170978844165802,0.5673743486404419,0.40189952900001913
104,0.18443694710731506,0.5023419260978699,0.40144835800001033
105,0.15578584372997284,0.5653804540634155,0.404044558999999
106,0.1492050290107727,0.5632092356681824,0.4057224750000046
107,0.17412477731704712,0.5605980157852173,0.4086458010000058
108,0.17205852270126343,0.5346734523773193,0.41143470399998705
109,0.185075044631958,0.45173144340515137,0.4157893759999922
110,0.16691672801971436,0.5751388669013977,0.40810694900000044
111,0.16609087586402893,0.5525622367858887,0.4109514040000022
112,0.153252512216568,0.56377112865448,0.4034634829999959
113,0.1521683633327484,0.49850302934646606,0.4074194560000137
114,0.1482810378074646,0.4470897912979126,0.3999523950000139
115,0.145753413438797,0.5028015971183777,0.4040047780000009
116,0.156514510512352,0.5142810940742493,0.4102305369999897
117,0.1293630450963974,0.3661480247974396,0.41518279699999994
118,0.1681271493434906,0.5694597959518433,0.41097214199999144
119,0.1672191321849823,0.5648085474967957,0.40632116399999063
120,0.14317286014556885,0.4861859083175659,0.41753600200001983
121,0.1497919261455536,0.4905925393104553,0.42581573699999353
122,0.16077834367752075,0.6577619910240173,0.4035786580000149
123,0.15389259159564972,0.5107570886611938,0.4247235720000049
124,0.15125688910484314,0.54872065782547,0.42015768699999967
125,0.15376049280166626,0.5623998045921326,0.4147299690000068
126,0.15983878076076508,0.5970746278762817,0.4089478529999724
127,0.13471773266792297,0.4752269685268402,0.4072327269999789
128,0.13935266435146332,0.5847518444061279,0.40031937800000605
129,0.15320837497711182,0.4885346591472626,0.40371912100002305
130,0.16464628279209137,0.6627760529518127,0.40429648799999995
131,0.1455237865447998,0.4907453954219818,0.404120158000012
132,0.13632801175117493,0.4954661428928375,0.4101635670000121
133,0.14159534871578217,0.5013327598571777,0.4133747089999815
134,0.13807053864002228,0.458680659532547,0.40677678899999137
135,0.13756063580513,0.5165901780128479,0.40338639300000523
136,0.13578146696090698,0.4930037260055542,0.41328787800000555
137,0.13362565636634827,0.5211544632911682,0.40465735199998676
138,0.16262197494506836,0.6360894441604614,0.4024448540000094
139,0.14710497856140137,0.4501899480819702,0.4093857579999849
140,0.14756867289543152,0.531460702419281,0.4247760949999986
141,0.1481899619102478,0.5296701192855835,0.444076707999983
142,0.1275671124458313,0.5171155333518982,0.4259887350000042
143,0.13116618990898132,0.46441027522087097,0.40834507599998915
144,0.12203051149845123,0.46626290678977966,0.4283358739999983
145,0.12279628217220306,0.4574888050556183,0.40606858199998896
146,0.130592942237854,0.41877803206443787,0.40512653799999043
147,0.20489709079265594,0.8472869396209717,0.4157164049999835
148,0.16207340359687805,0.5929076671600342,0.43339061299997184
149,0.1382545679807663,0.5815661549568176,0.4131759039999565
150,0.11860434710979462,0.4158839285373688,0.40845273200000065
151,0.14667893946170807,0.5277372598648071,0.40858850100005384
152,0.1406409740447998,0.5732750296592712,0.4085063459999674
153,0.1442258656024933,0.4509534537792206,0.4030847110000195
154,0.14883148670196533,0.6000241041183472,0.4189738860000034
155,0.144809752702713,0.45787766575813293,0.40975314499996784
156,0.12246616184711456,0.33878326416015625,0.4036881359999711
157,0.1401209533214569,0.4595245122909546,0.4292046240000218
158,0.1463000476360321,0.5589658617973328,0.40029672299999675
159,0.12273220717906952,0.43134963512420654,0.40501279899996234
160,0.1381721943616867,0.5151551365852356,0.40503512899999805
161,0.1426781415939331,0.4864611327648163,0.41446194099995637
162,0.1493438482284546,0.4623697102069855,0.4174977449999915
163,0.1184501051902771,0.5110538005828857,0.40540723200001594
164,0.1294144093990326,0.47077712416648865,0.406610747000002
165,0.13952620327472687,0.5030333995819092,0.40127370000004703
166,0.13814207911491394,0.45893391966819763,0.4125209890000292
167,0.12131285667419434,0.36607953906059265,0.403732596999987
168,0.1306043416261673,0.4856232702732086,0.40447238799998786
169,0.12647856771945953,0.5235412120819092,0.4144687760000352
170,0.11053670197725296,0.3368990123271942,0.40611779900001466
171,0.107666015625,0.30152130126953125,0.4186288980000086
172,0.12084605544805527,0.4499457776546478,0.4375444790000529
173,0.1584751158952713,0.678622305393219,0.4069753239999727
174,0.11514727026224136,0.3456575870513916,0.4144471289999956
175,0.1269478052854538,0.4829784631729126,0.4121848529999852
176,0.10571710765361786,0.3342311680316925,0.4117487300000562
177,0.12215942144393921,0.3985057771205902,0.4156394119999618
178,0.15632812678813934,0.47900626063346863,0.4120897009999567
179,0.11923980712890625,0.4212636351585388,0.408823429999984
180,0.14341077208518982,0.43933090567588806,0.40727651299999934
181,0.1203085333108902,0.40700238943099976,0.4170113320000155
182,0.1460377722978592,0.42201006412506104,0.41559604600001876
183,0.11898307502269745,0.37777644395828247,0.41857448600001135
184,0.1218501478433609,0.4214753210544586,0.41198668800001315
185,0.12914767861366272,0.40669164061546326,0.40899250200004644
186,0.13593149185180664,0.4532589018344879,0.4237495680000052
187,0.13413381576538086,0.41342464089393616,0.4262364930000331
188,0.10998174548149109,0.36664390563964844,0.42276219099994705
189,0.13715703785419464,0.4169462025165558,0.41940061600001854
190,0.12738162279129028,0.4969145953655243,0.43503841500000817
191,0.11483336240053177,0.34216606616973877,0.42325098999998545
192,0.1104242131114006,0.3404548466205597,0.4216621260000011
193,0.18091008067131042,0.9591534733772278,0.42768900499999063
194,0.16532018780708313,0.5823417901992798,0.4231575379999981
195,0.12000974267721176,0.4192295968532562,0.4580637290000027
196,0.13539795577526093,0.45960474014282227,0.4229947020000395
197,0.13865573704242706,0.5277188420295715,0.41590685300002406
198,0.17147809267044067,0.5766395330429077,0.4188973120000128
199,0.12266537547111511,0.3544328212738037,0.42250839199999746
200,0.14929050207138062,0.44103723764419556,0.4431387280000081
201,0.1339203119277954,0.4711243510246277,0.4161077449999766
202,0.11119842529296875,0.36972686648368835,0.4132526890000463
203,0.11457400023937225,0.43862491846084595,0.4180809250000266
204,0.14463505148887634,0.6137348413467407,0.4157072790000029
205,0.12239252030849457,0.3959309756755829,0.4107699780000189
206,0.11561209708452225,0.3542572557926178,0.41128594599996404
207,0.19884547591209412,0.7047773599624634,0.41251019499998165
208,0.11015036702156067,0.4144233167171478,0.41744084499998735
209,0.12131050229072571,0.3806501626968384,0.4093631319999531
210,0.12410411983728409,0.384420782327652,0.41444369399999914
211,0.11191655695438385,0.2886095643043518,0.41901126499999464
212,0.14946039021015167,0.48400750756263733,0.42417215899996563
213,0.11646325886249542,0.3157549798488617,0.41551142400004437
214,0.21376588940620422,1.2089275121688843,0.41164566100002276
215,0.11307553201913834,0.3339482247829437,0.41050559600000724
216,0.11199941486120224,0.3492848873138428,0.4105326299999774
217,0.1250283271074295,0.4337030351161957,0.4099409400000127
218,0.12004140764474869,0.3248315751552582,0.41829063099999075
219,0.17642125487327576,0.5776402950286865,0.4441778170000248
220,0.14195102453231812,0.5203180313110352,0.4145925639999746
221,0.12421443313360214,0.4753853678703308,0.4098583229999804
222,0.10666655004024506,0.37911346554756165,0.40688352000000805
223,0.10510848462581635,0.31299638748168945,0.4150694680000129
224,0.09881331026554108,0.2979317903518677,0.4157522260000519
225,0.11002640426158905,0.3729899227619171,0.41306401200000664
226,0.10551344603300095,0.31416910886764526,0.4162659340000232
227,0.1280134618282318,0.42797353863716125,0.39792283800005634
228,0.15495826303958893,0.5546309351921082,0.40122241500000655
229,0.12190012633800507,0.4097594916820526,0.40597089599998526
230,0.09974043071269989,0.3222704231739044,0.4002895639999906
231,0.11450107395648956,0.3391021192073822,0.4037259269999822
232,0.10247046500444412,0.3219325542449951,0.4143225599999596
233,0.107423797249794,0.38090944290161133,0.4198525039999481
234,0.10011382400989532,0.2473885416984558,0.40281054799999083
235,0.11910384893417358,0.33433932065963745,0.4165534520000165
236,0.0933934897184372,0.31924545764923096,0.40263315200002125
237,0.13358981907367706,0.4845857322216034,0.4031157379999968
238,0.12929308414459229,0.5327581167221069,0.4062816420000104
239,0.12227709591388702,0.46679002046585083,0.39731070200002705
240,0.1538522094488144,0.5356337428092957,0.40294558700003336
241,0.15283645689487457,0.652418315410614,0.4058792669999889
242,0.1066780537366867,0.2998104989528656,0.4158801510000103
243,0.17769983410835266,0.5013626217842102,0.43084632900001907
244,0.10100693255662918,0.2760971486568451,0.40931113499999583
245,0.15591874718666077,0.6311244964599609,0.41887928699998156
246,0.11158411204814911,0.3926566541194916,0.41384463499997537
247,0.10953149199485779,0.33743879199028015,0.4079699160000132
248,0.12033297121524811,0.3498440384864807,0.40528439499996693
249,0.1084410548210144,0.41574567556381226,0.40378731300000936
250,0.0971037745475769,0.29959428310394287,0.4110016909999672
251,0.11177882552146912,0.3653562366962433,0.40396287599998004
252,0.16492176055908203,0.6376845240592957,0.40271213699998043
253,0.11022649705410004,0.3649600148200989,0.4018793949999804
254,0.10699710994958878,0.4079233407974243,0.4068536020000124
255,0.10161800682544708,0.37032246589660645,0.4227574330000152
256,0.11432138085365295,0.3294258415699005,0.4175177930000018
257,0.10033979266881943,0.29168078303337097,0.41269304300004706
258,0.10249953716993332,0.2646181583404541,0.41620721300000696
259,0.10571949183940887,0.3139438033103943,0.4160061890000293
260,0.10211621224880219,0.31792300939559937,0.4055422120000003
261,0.0934324711561203,0.34276366233825684,0.41145161499997585
262,0.10207821428775787,0.3414160907268524,0.41846010000000433
263,0.09157709777355194,0.26193922758102417,0.4306977620000225
264,0.09836705029010773,0.31836146116256714,0.4065026370000169
265,0.13783594965934753,0.5139623880386353,0.41090074199996707
266,0.11895537376403809,0.4270058274269104,0.4291861969999786
267,0.09970153868198395,0.3304627537727356,0.40976148099997545
268,0.18228264153003693,0.7480745315551758,0.4165099730000179
269,0.1333209127187729,0.5387248992919922,0.40157623700002887
270,0.0926484763622284,0.3167932331562042,0.40774429800001144
271,0.11167428642511368,0.3707544505596161,0.40844186700002183
272,0.09696243703365326,0.25964537262916565,0.413167661999978
273,0.10849989950656891,0.37200218439102173,0.409217936999994
274,0.11613677442073822,0.4116245210170746,0.4069517620000056
275,0.1836930215358734,0.604494571685791,0.41076220999997304
276,0.09267416596412659,0.2628171145915985,0.4026030610000362
277,0.105605348944664,0.4034388065338135,0.3999919280000199
278,0.11794880032539368,0.40343886613845825,0.4096828769999661
279,0.0891796350479126,0.27423471212387085,0.40154019300001664
280,0.13765612244606018,0.5618849992752075,0.4155078200000162
281,0.17121180891990662,0.6332286596298218,0.4167862300000138
282,0.10326386243104935,0.34203967452049255,0.41052460299999893
283,0.09815724194049835,0.33007022738456726,0.4106330449999973
284,0.09581217914819717,0.3183574676513672,0.4066009699999995
285,0.09351339936256409,0.258407324552536,0.41353707499996517
286,0.08753708004951477,0.2009270340204239,0.40894452200001297
287,0.13394257426261902,0.5193102955818176,0.4148452270000007
288,0.11265945434570312,0.2992376387119293,0.411068145999991
289,0.09282419085502625,0.27133509516716003,0.4099722589999715
290,0.1163061112165451,0.2828107476234436,0.4250825310000437
291,0.11789630353450775,0.38777610659599304,0.4049226960000283
292,0.09990200400352478,0.38715627789497375,0.4057002510000416
293,0.08892551809549332,0.2322259545326233,0.40652354700000615
294,0.127580463886261,0.513923168182373,0.4074614119999751
295,0.0945369228720665,0.28090527653694153,0.3998908730000039
296,0.08752337098121643,0.2914898991584778,0.4026081700000077
297,0.08911846578121185,0.25279536843299866,0.40583329499997944
298,0.11261273920536041,0.34011155366897583,0.4090752110000153
299,0.0894661545753479,0.2606172561645508,0.430951862000029
300,0.10757551342248917,0.3215482831001282,0.4101302969999665
301,0.09476640820503235,0.24063605070114136,0.4300300479999919
302,0.1277042031288147,0.5701026916503906,0.4085287280000216
303,0.14547255635261536,0.4549959897994995,0.4028120939999553
304,0.13310280442237854,0.51677006483078,0.40923731999998836
305,0.10812008380889893,0.32538703083992004,0.39983646500002124
306,0.11649657040834427,0.490244597196579,0.40824849700004506
307,0.13295158743858337,0.3944900929927826,0.41191096900001867
308,0.1325816512107849,0.419704794883728,0.39948113899998816
309,0.09207908809185028,0.3100924789905548,0.4008369769999831
310,0.09737429022789001,0.2791557312011719,0.4008733200000165
311,0.0829276368021965,0.19383187592029572,0.41239967699999625
312,0.13844773173332214,0.4478146433830261,0.40011556399997517
313,0.09106548875570297,0.274476021528244,0.4172084059999861
314,0.10052783787250519,0.38052573800086975,0.44219407999997884
315,0.08706317842006683,0.22903379797935486,0.4077656579999598
316,0.0875476598739624,0.3015771210193634,0.4064977630000044
317,0.10480885207653046,0.31540265679359436,0.41134526899998036
318,0.10326135158538818,0.3948974311351776,0.4187037649999752
319,0.08972442895174026,0.2918705344200134,0.4133385609999891
320,0.09402748942375183,0.27146410942077637,0.4139406589999908
321,0.08737210929393768,0.22944919764995575,0.40632455500002607
322,0.08892602473497391,0.24116356670856476,0.40864029199997276
323,0.11813372373580933,0.44036754965782166,0.4073424960000125
324,0.10066813975572586,0.2876172959804535,0.4113505490000193
325,0.11943898350000381,0.4551953077316284,0.4206829139999968
326,0.10397857427597046,0.3196878433227539,0.40244018599997844
327,0.08069770038127899,0.17336665093898773,0.40639601100002665
328,0.10424938797950745,0.3169001042842865,0.4052480249999917
329,0.13614727556705475,0.47317779064178467,0.4818672890000357
330,0.10997677594423294,0.3829534649848938,0.4214496239999903
331,0.09203878045082092,0.2582271099090576,0.421333116000028
332,0.09329930692911148,0.29752108454704285,0.40921539599997914
333,0.14735059440135956,0.573284387588501,0.41187333099998114
334,0.09371332824230194,0.24889855086803436,0.40626891900001283
335,0.08971527218818665,0.3396158814430237,0.4103669570000079
336,0.0836574137210846,0.2302519679069519,0.41711366499998803
337,0.1167515367269516,0.5578739643096924,0.41739687899996625
338,0.07748270034790039,0.15920187532901764,0.4370785739999974
339,0.07753196358680725,0.2332339733839035,0.406312899999989
340,0.09513317793607712,0.3385801911354065,0.4018293380000273
341,0.08373981714248657,0.22476942837238312,0.4035770119999711
342,0.08169645816087723,0.2506505846977234,0.39733497000003126
343,0.08088134974241257,0.24201996624469757,0.4041636960000119
344,0.09493807703256607,0.2872483730316162,0.4305721110000036
345,0.07852186262607574,0.1920953243970871,0.4388442629999645
346,0.07826083898544312,0.17108947038650513,0.4086385930000347
347,0.09125381708145142,0.30797797441482544,0.4044100699999831
348,0.07847091555595398,0.22302570939064026,0.40629722300002413
349,0.09256254136562347,0.2967611253261566,0.40366476200000534
350,0.10193440318107605,0.33869799971580505,0.40000814199999013
351,0.07295845448970795,0.14857548475265503,0.39896650100001807
352,0.07908633351325989,0.2532140016555786,0.40155362799998784
353,0.08174097537994385,0.24646790325641632,0.416936647
354,0.07978875190019608,0.2341877520084381,0.4096669329999827
355,0.08019006997346878,0.19078369438648224,0.4147863659999871
356,0.0756702646613121,0.1704282909631729,0.40432292200000575
357,0.08513479679822922,0.2577548623085022,0.4068362650000381
358,0.09975194931030273,0.3966747522354126,0.4297342049999884
359,0.08185045421123505,0.2353285551071167,0.41369796800000813
360,0.09403090178966522,0.2609213590621948,0.4183895510000184
361,0.1412656009197235,0.7296380996704102,0.4239936909999642
362,0.1014610081911087,0.3399132192134857,0.4167065399999501
363,0.08169367909431458,0.25229978561401367,0.4024858180000024
364,0.08330874890089035,0.21980543434619904,0.39936343899995563
365,0.08039212971925735,0.2156825214624405,0.4039456790000031
366,0.0981036126613617,0.40542665123939514,0.3999658999999838
367,0.07662040740251541,0.18522819876670837,0.4004675379999867
368,0.07722584903240204,0.2112497091293335,0.40367158999998765
369,0.09505823254585266,0.3999568223953247,0.4010630490000153
370,0.07955384254455566,0.17914380133152008,0.4106359530000532
371,0.10020780563354492,0.38266125321388245,0.4201176010000154
372,0.10831892490386963,0.4377771317958832,0.4099351609999644
373,0.15203306078910828,0.7328634858131409,0.3990200950000258
374,0.08060446381568909,0.19219139218330383,0.4031132669999806
375,0.07565277814865112,0.1840212345123291,0.4127565879999793
376,0.0844416692852974,0.291322261095047,0.4158375100000171
377,0.07384075224399567,0.16382816433906555,0.4384275169999796
378,0.14943858981132507,0.7636582255363464,0.41964346100002103
379,0.0851772129535675,0.24422256648540497,0.4439756970000417
380,0.08502355217933655,0.3228665888309479,0.43096279299999196
381,0.09146859496831894,0.2683867812156677,0.4209256610000125
382,0.08533424139022827,0.21650241315364838,0.4040931889999797
383,0.07360391318798065,0.154229998588562,0.4144517350000001
384,0.07990729063749313,0.20920558273792267,0.4059903500000246
385,0.13440285623073578,0.47435328364372253,0.41633976399998573
386,0.08585754036903381,0.2805767357349396,0.42043152299999065
387,0.09075354784727097,0.2969384491443634,0.4077202980000152
388,0.088313989341259,0.2826969623565674,0.3990554999999745
389,0.0875454917550087,0.2708279490470886,0.4083547479999652
390,0.09829095005989075,0.2865883708000183,0.4115627510000195
391,0.07858696579933167,0.20624065399169922,0.41152729499998486
392,0.11579044163227081,0.5233471393585205,0.4069357480000235
393,0.11663989722728729,0.45336848497390747,0.3965148059999706
394,0.07421398162841797,0.16998323798179626,0.40380495800002336
395,0.07498228549957275,0.16288277506828308,0.39819382999996833
396,0.07956205308437347,0.19891467690467834,0.4043107990000294
397,0.07518802583217621,0.2063414603471756,0.4079995519999784
398,0.08973748981952667,0.29857927560806274,0.3998109639999825
399,0.0706084817647934,0.14127320051193237,0.40708451000000423
400,0.12314917147159576,0.45072659850120544,0.4059887020000019
401,0.0665854886174202,0.11308726668357849,0.4082133289999774
402,0.08186447620391846,0.20715025067329407,0.4062698920000116
403,0.08283655345439911,0.17810697853565216,0.4060978910000017
404,0.0796092301607132,0.25654634833335876,0.4113909430000149
405,0.09075547754764557,0.24807573854923248,0.4177456139999549
406,0.11952701210975647,0.39331352710723877,0.4327868590000321
407,0.07066802680492401,0.17712950706481934,0.4124574120000375
408,0.09583215415477753,0.3845703899860382,0.4096319759999574
409,0.11829112470149994,0.49122098088264465,0.41652575599999864
410,0.11800067126750946,0.575692892074585,0.4311879269999963
411,0.11125880479812622,0.43400055170059204,0.41934877699998196
412,0.08202255517244339,0.32293975353240967,0.41660556400000814
413,0.12863028049468994,0.3527618944644928,0.4192510980000179
414,0.08817824721336365,0.29271602630615234,0.42025710199999367
415,0.08454447984695435,0.25804752111434937,0.4096559409999827
416,0.07820285111665726,0.19233223795890808,0.40314547500003073
417,0.07534509897232056,0.223854199051857,0.4019462110000518
418,0.09704583883285522,0.45641130208969116,0.40627136500000915
419,0.11231394112110138,0.4119277596473694,0.4089981059999559
420,0.07445673644542694,0.19328179955482483,0.41374910500002215
421,0.08058992773294449,0.21813535690307617,0.39801956599995947
422,0.07232759892940521,0.146807461977005,0.3984417419999886
423,0.09018752723932266,0.31623414158821106,0.3999430860000075
424,0.09457914531230927,0.26970964670181274,0.4057528480000201
425,0.0956636518239975,0.4046972990036011,0.4071777639999823
426,0.1001582145690918,0.3697940409183502,0.4162344480000115
427,0.08488667011260986,0.21840126812458038,0.40949877000002743
428,0.13136275112628937,0.6861914992332458,0.41248021000001245
429,0.1310257613658905,0.5924457311630249,0.40902395999995633
430,0.08656933158636093,0.2943516969680786,0.4164581320000025
431,0.09561067819595337,0.3344307839870453,0.41810167900001716
432,0.08978265523910522,0.2969312071800232,0.39844967200002657
433,0.07724949717521667,0.23113621771335602,0.4100746830000048
434,0.09628069400787354,0.4050193727016449,0.41684716499997876
435,0.11953172087669373,1.3311927318572998,0.4055166900000131
436,0.07372082769870758,0.1538761854171753,0.40400091499998325
437,0.08515391498804092,0.2624998986721039,0.3968262829999958
438,0.077909454703331,0.17513993382453918,0.4069449499999678
439,0.07431310415267944,0.2191661149263382,0.40419059399999924
440,0.18055081367492676,0.7818095088005066,0.4059283170000185
441,0.0886075496673584,0.22069290280342102,0.3972464670000022
442,0.10336566716432571,0.42322444915771484,0.40858207000002267
443,0.08477407693862915,0.29955944418907166,0.4045719250000275
444,0.2500791549682617,1.4834520816802979,0.4257176859999845
445,0.08271192014217377,0.3053015172481537,0.40799100599997473
446,0.10948106646537781,0.3868286609649658,0.4491480450000154
447,0.08524936437606812,0.20984694361686707,0.4090860690000113
448,0.0979924201965332,0.39878007769584656,0.4125667629999725
449,0.08280683308839798,0.1829218715429306,0.40638605099996994
450,0.07766294479370117,0.16241802275180817,0.4095618499999887
451,0.08182980120182037,0.2665307819843292,0.4024658870000053
452,0.0737258791923523,0.1810365468263626,0.3965586030000168
453,0.07501409947872162,0.21387118101119995,0.406847622999976
454,0.1160791665315628,0.508469820022583,0.40376279700001305
455,0.07577991485595703,0.2132033407688141,0.42184604800002035
456,0.07596132159233093,0.22311186790466309,0.39720160899997836
457,0.06689440459012985,0.14128129184246063,0.4051587029999837
458,0.08638541400432587,0.264823317527771,0.4326911109999969
459,0.0799885243177414,0.27986952662467957,0.41929366400000845
460,0.07477989792823792,0.20418623089790344,0.4185483869999871
461,0.10377204418182373,0.39299386739730835,0.40539253499997585
462,0.07243483513593674,0.20327642560005188,0.4097862149999969
463,0.0779266208410263,0.2041955441236496,0.40439785500001335
464,0.07919713854789734,0.3059655725955963,0.4095743900000457
465,0.06526581943035126,0.1433684378862381,0.40670811900002946
466,0.13551124930381775,0.6706869602203369,0.41707697900000085
467,0.07683660089969635,0.2158953845500946,0.4141799249999849
468,0.08280260860919952,0.1689237654209137,0.40414577699999654
469,0.12196597456932068,0.8190586566925049,0.40531770299998016
470,0.07478702068328857,0.26071295142173767,0.40557617299998583
471,0.07453638315200806,0.21747617423534393,0.40609739100000297
472,0.07395785301923752,0.23981574177742004,0.4099228540000013
473,0.07441665232181549,0.1514798402786255,0.40955352599996786
474,0.08054150640964508,0.3579196631908417,0.41686838600003284
475,0.09819814562797546,0.35714107751846313,0.4079830850000121
476,0.07454163581132889,0.17488421499729156,0.4035857679999708
477,0.09935372322797775,0.4659070074558258,0.40574936100000514
478,0.06740130484104156,0.12812265753746033,0.40875020900000436
479,0.0718085989356041,0.20848530530929565,0.4068474350000315
480,0.07368594408035278,0.16685175895690918,0.40493341800004146
481,0.08683764934539795,0.2436329424381256,0.4239055700000449
482,0.07840684056282043,0.3103359043598175,0.41768307199998844
483,0.07499179244041443,0.1958741545677185,0.4013500130000125
484,0.08049499988555908,0.22768452763557434,0.4016429339999945
485,0.08758460730314255,0.3511730134487152,0.400124758000004
486,0.08609512448310852,0.27859577536582947,0.40284383400000934
487,0.0778905525803566,0.25661057233810425,0.41090976100002763
488,0.07670740783214569,0.2259175181388855,0.4058921449999957
489,0.08793936669826508,0.24531246721744537,0.40600450800002363
490,0.06734057515859604,0.26971402764320374,0.409130389999973
491,0.0731373131275177,0.17054040729999542,0.43283140800002684
492,0.07774776220321655,0.22609077394008636,0.40812193899995464
493,0.0769742950797081,0.28027838468551636,0.39643511999997827
494,0.06566427648067474,0.1718914806842804,0.40017201199998453
495,0.07141204178333282,0.18985262513160706,0.39260390900000175
496,0.09607551246881485,0.42643651366233826,0.4054939860000104
497,0.06886518001556396,0.1818980723619461,0.40811018400000876
498,0.06336303055286407,0.118782177567482,0.41257154300001275
499,0.06513797491788864,0.13674530386924744,0.41154095899997856
500,0.07694924622774124,0.2905002236366272,0.4080650790000391
501,0.07919218391180038,0.4282386898994446,0.4200605249999967
502,0.06487295031547546,0.16241784393787384,0.4227947940000263
503,0.10900068283081055,0.8509699106216431,0.4108356479999884
504,0.06418365985155106,0.15597674250602722,0.4558988050000039
505,0.06977881491184235,0.2603493630886078,0.40993018299997175
506,0.10117381066083908,1.118355631828308,0.40999274299997523
507,0.07364758849143982,0.2560650110244751,0.40802118300001666
508,0.0652468204498291,0.17942281067371368,0.43254802100000234
509,0.08539387583732605,0.26574477553367615,0.4120747059999985
510,0.08454043418169022,0.42826125025749207,0.4068140840000183
511,0.07303918153047562,0.270977258682251,0.410041797999952
512,0.08000160753726959,0.2759343087673187,0.40894686000001457
513,0.079170823097229,0.2865139842033386,0.43013846200000216
514,0.13068430125713348,2.0936663150787354,0.4634331329999668
515,0.13048848509788513,0.5003622174263,0.44709275999997544
516,0.06730137765407562,0.13903649151325226,0.4123432659999935
517,0.08288320899009705,0.2767138183116913,0.41183157300002904
518,0.07406936585903168,0.2410733550786972,0.41541846100000157
519,0.08188134431838989,0.28767478466033936,0.40309168900000714
520,0.0680028423666954,0.5597583651542664,0.40777494100001377
521,0.0838710367679596,0.26308682560920715,0.412439489999997
522,0.100586898624897,0.4308965802192688,0.4116369070000019
523,0.11609949171543121,0.5213263630867004,0.4058135210000273
524,0.08016020804643631,0.2998369336128235,0.41174334400000134
525,0.10736697912216187,0.4755663275718689,0.4247910740000407
526,0.08040647208690643,0.23436054587364197,0.420718198999964
527,0.0779673159122467,0.28209421038627625,0.4249738670000056
528,0.13856257498264313,0.7838120460510254,0.44047439000001987
529,0.0782051682472229,0.3400728106498718,0.4159687940000367
530,0.08496233820915222,0.2658686339855194,0.4178014159999748
531,0.07148780673742294,0.24236039817333221,0.4039285869999958
532,0.08798043429851532,0.305126816034317,0.4083465940000224
533,0.0811869353055954,0.24216529726982117,0.4220006819999753
534,0.12259431183338165,0.4480806291103363,0.40903271199999836
535,0.07549446076154709,0.2409476637840271,0.41597679899996365
536,0.0924403965473175,0.2945772707462311,0.4253103690000444
537,0.07703464478254318,0.22560572624206543,0.4112452240000266
538,0.06894351541996002,0.21495360136032104,0.407416961000024
539,0.0732112005352974,0.2300737202167511,0.4059628329999896
540,0.0839785486459732,0.32509300112724304,0.40272222400000146
541,0.06988612562417984,0.20092399418354034,0.42939601000000494
542,0.08880402147769928,0.3081919252872467,0.39642779500002234
543,0.10967981815338135,0.31491661071777344,0.40022208099998124
544,0.12378634512424469,0.7721427083015442,0.3957293799999775
545,0.06958991289138794,0.14959286153316498,0.4074812179999867
546,0.08785617351531982,0.30943065881729126,0.40558543000003056
547,0.07378117740154266,0.27444300055503845,0.4076365009999563
548,0.07451443374156952,0.2676698863506317,0.4174053599999752
549,0.10448632389307022,0.5485747456550598,0.42155837399997154
550,0.09256896376609802,0.3035886585712433,0.41344941699998117
551,0.06655072420835495,0.18865545094013214,0.433540330000028
552,0.10873040556907654,0.4449012279510498,0.42978631099998665
553,0.09667088091373444,0.35869401693344116,0.402321790999963
554,0.14371278882026672,0.7309935688972473,0.403783911000005
555,0.07532826066017151,0.2771718204021454,0.394514541000035
556,0.16922366619110107,0.8909247517585754,0.39982873600001767
557,0.07258237898349762,0.2056262195110321,0.4036638790000211
558,0.08110122382640839,0.25809571146965027,0.40012022000001934
559,0.09579437971115112,0.2681482434272766,0.39740739499995925
560,0.08273854851722717,0.3025973439216614,0.4024301470000182
561,0.10734646022319794,0.3679150342941284,0.4044165110000222
562,0.08150839805603027,0.24322105944156647,0.41027521899997055
563,0.08091318607330322,0.27556249499320984,0.41435559999996485
564,0.13466519117355347,0.6862730383872986,0.42460429800001975
565,0.07476484030485153,0.4214138090610504,0.4135602879999851
566,0.0729890763759613,0.1838061809539795,0.4019344619999856
567,0.0870191752910614,0.2737064063549042,0.40473196300001746
568,0.08508066087961197,0.32448524236679077,0.40238224699999137
569,0.0745467096567154,0.3340129852294922,0.41315418100003853
570,0.07122009247541428,0.2206118255853653,0.4040141360000007
571,0.07770075649023056,0.28388896584510803,0.40148728799999844
572,0.0641086995601654,0.2556471526622772,0.39838227600000664
573,0.08608758449554443,0.338620126247406,0.437537873999986
574,0.06381842494010925,0.18144837021827698,0.4365170899999953
575,0.06524539738893509,0.5608834624290466,0.4311712739999507
576,0.07037995755672455,0.3734246492385864,0.42756953600002134
577,0.07254423946142197,0.28973570466041565,0.3964734980000344
578,0.07328196614980698,0.2772780656814575,0.3982482469999695
579,0.06096663326025009,0.9384716749191284,0.39889761799997814
580,0.06382778286933899,0.13160741329193115,0.3903348979999919
581,0.06424987316131592,0.1488165408372879,0.39907867400000896
582,0.07926235347986221,0.28694528341293335,0.39916879100002234
583,0.06654513627290726,0.18230506777763367,0.4041870489999724
584,0.09668810665607452,0.34110027551651,0.40102253800000653
585,0.06770004332065582,0.1622575968503952,0.40043551399998023
586,0.11608995497226715,0.8342517018318176,0.41027923699999747
587,0.06770708411931992,0.318773090839386,0.4005797489999736
588,0.06635233759880066,0.8526761531829834,0.39962866999997004
589,0.0767923891544342,0.27145740389823914,0.4087476060000199
590,0.0632120743393898,0.13599200546741486,0.4068142039999998
591,0.1788470298051834,2.7909932136535645,0.4165249419999668
592,0.07485875487327576,0.2141835242509842,0.4058035440000367
593,0.14227843284606934,1.0757277011871338,0.4056109210000045
594,0.08162539452314377,0.31397607922554016,0.40323697200000197
595,0.0758100301027298,0.5048816800117493,0.4125306939999973
596,0.09382541477680206,0.46880611777305603,0.4060699940000063
597,0.07578309625387192,0.3196313679218292,0.4099738999999545
598,0.0702628493309021,0.30186307430267334,0.403613431999986
599,0.06879793107509613,0.14967291057109833,0.41190862400003425
600,0.07036357372999191,0.21882185339927673,0.4383516190000023
601,0.09886276721954346,0.38288843631744385,0.4105834719999848
602,0.07619890570640564,0.21612899005413055,0.3904267910000385
603,0.06389924883842468,0.21482574939727783,0.39706368999998176
604,0.06766612827777863,0.1409355252981186,0.4032058770000049
605,0.12517079710960388,0.5165982246398926,0.4006003339999893
606,0.1566324234008789,0.8076539039611816,0.4117936009999994
607,0.08023101091384888,0.3809174597263336,0.40379955000003065
608,0.0725380927324295,0.2989390194416046,0.4136107100000004
609,0.07257334887981415,0.16774910688400269,0.4080270309999605
610,0.10449622571468353,0.4301140606403351,0.40505165499996565
611,0.07818765938282013,0.31489112973213196,0.3995933470000068
612,0.08268703520298004,0.2519150972366333,0.3999153189999447
613,0.09818152338266373,1.0970672369003296,0.4079301209999926
614,0.0833331048488617,0.3588675856590271,0.40529565999997885
615,0.0995883047580719,0.4714268445968628,0.41023386500000925
616,0.08652953803539276,0.3340449333190918,0.42261733699996284
617,0.07331502437591553,0.4678378701210022,0.41078889200002777
618,0.07702171802520752,0.2356102019548416,0.41234787000001916
619,0.09541640430688858,0.29852575063705444,0.40090510800001766
620,0.07627736777067184,0.24342337250709534,0.40333025300003555
621,0.12741781771183014,0.6477453112602234,0.4069943389999935
622,0.06693214178085327,0.13085444271564484,0.3941310139999814
623,0.0667666420340538,0.16516909003257751,0.4198943449999888
624,0.07411421835422516,0.20641785860061646,0.42276788800000986
625,0.10139822959899902,0.5575399994850159,0.39427534599997216
626,0.07747696340084076,0.3330315053462982,0.39909043400001565
627,0.06931255757808685,0.983863890171051,0.394038533000014
628,0.08932375907897949,0.38409388065338135,0.3968079899999566
629,0.07703026384115219,0.397448867559433,0.38900566600000275
630,0.07296060770750046,0.16377998888492584,0.40450089699999126
631,0.07472145557403564,0.21435444056987762,0.40156227399995714
632,0.06960676610469818,0.17895223200321198,0.3976155650000237
633,0.06837911903858185,0.171683669090271,0.4097082279999995
634,0.07931175827980042,0.282248854637146,0.4086127019999708
635,0.06995709985494614,0.2664257287979126,0.40599262900002486
636,0.13600517809391022,0.9786643981933594,0.4011844780000047
637,0.09137286245822906,0.39635297656059265,0.40631278500001144
638,0.06467805802822113,0.11321250349283218,0.40038920099999586
639,0.11629895120859146,0.5156616568565369,0.4007008530000462
640,0.13832318782806396,0.577617883682251,0.4105283669999835
641,0.06492143869400024,0.2989552319049835,0.4049010420000059
642,0.06788799166679382,0.1399570107460022,0.42345320399999764
643,0.08741040527820587,0.3602704703807831,0.4038792599999965
644,0.06496738642454147,0.1356322318315506,0.3981472339999641
645,0.07987295091152191,0.27475327253341675,0.3991519090000111
646,0.059682488441467285,0.18152229487895966,0.39799090699995077
647,0.07611412554979324,0.325537770986557,0.39680328499997586
648,0.06683284789323807,0.28269264101982117,0.4261452470000222
649,0.09911469370126724,0.32013580203056335,0.4232833289999576
650,0.07476241886615753,0.26404446363449097,0.39380889099999195
651,0.06823287159204483,0.15638744831085205,0.3950330559999884
652,0.12291140854358673,0.49794477224349976,0.39500958200000014
653,0.060623712837696075,0.09956152737140656,0.4007392139999979
654,0.06529827415943146,0.14731524884700775,0.3931600810000191
655,0.11956466734409332,0.6651434898376465,0.39972420999998803
656,0.0742921307682991,0.24163198471069336,0.39644218799998043
657,0.0772661417722702,0.32268428802490234,0.39801109699999415
658,0.12065640091896057,0.41516897082328796,0.40874156000000994
659,0.06995909661054611,0.49126261472702026,0.3996646079999664
660,0.07606956362724304,0.2336307018995285,0.4136605859999918
661,0.07906215637922287,0.24926137924194336,0.4027005099999883
662,0.06430776417255402,0.21420124173164368,0.39386824300004264
663,0.07338792085647583,0.2963491380214691,0.4029695469999979
664,0.1413891762495041,2.0765180587768555,0.41201523300003373
665,0.06638047099113464,0.200293630361557,0.410126718000015
666,0.06485486030578613,0.34266313910484314,0.4176826199999937
667,0.1080188900232315,0.6914135813713074,0.4198103630000105
668,0.0671822726726532,0.3934982717037201,0.4119448710000029
669,0.18650877475738525,0.6106551289558411,0.41334424799998715
670,0.08424003422260284,0.3392215073108673,0.4027118859999632
671,0.07359609752893448,0.32400134205818176,0.4054403709999974
672,0.06822780519723892,0.1504465490579605,0.42159184399997685
673,0.1276300549507141,0.7675507664680481,0.43243660799998906
674,0.06708962470293045,0.24965566396713257,0.4071761509999874
675,0.06685850024223328,0.18389858305454254,0.40329471199999034
676,0.06828746944665909,0.15175150334835052,0.4046996360000321
677,0.06810325384140015,0.19594606757164001,0.40485015299998395
678,0.06562663614749908,0.3588506281375885,0.40691901999997526
679,0.07289121299982071,0.26381915807724,0.41352531600000475
680,0.11899828910827637,0.4380340576171875,0.4046869879999804
681,0.07314511388540268,0.1983821541070938,0.4044059269999707
682,0.06377878785133362,0.17963428795337677,0.4080894740000076
683,0.12950292229652405,0.6963014006614685,0.40237891199996056
684,0.05849238485097885,0.10184865444898605,0.3954785169999582
685,0.0600803978741169,0.15504789352416992,0.40526665700002695
686,0.07140372693538666,0.2448866218328476,0.40444176399995513
687,0.07936383038759232,0.1977403163909912,0.40359436799997184
688,0.08405597507953644,0.33027637004852295,0.4039220299999897
689,0.0963197648525238,0.4410722851753235,0.407542602000035
690,0.061544161289930344,0.1588820219039917,0.39840463199999476
691,0.06854817271232605,0.19204162061214447,0.40321296700000175
692,0.06355194747447968,0.13604196906089783,0.40334404099996846
693,0.05897179991006851,0.20476385951042175,0.41334893300000886
694,0.10515481233596802,0.3658546209335327,0.4000351560000013
695,0.06702282279729843,0.9006720781326294,0.40431805999998005
696,0.07100066542625427,0.37315717339515686,0.41115324499997996
697,0.08220987021923065,0.24926933646202087,0.4386685470000202
698,0.06840052455663681,0.1660512536764145,0.40636940299998514
699,0.09211207181215286,0.46561822295188904,0.40703452799999695
700,0.08582596480846405,0.5407364368438721,0.40935784999999214
701,0.07518656551837921,0.3771304488182068,0.40467610700000023
702,0.07321080565452576,0.5074678063392639,0.4069006749999744
703,0.060494501143693924,0.15672190487384796,0.40103190999997196
704,0.06390649080276489,0.13705874979496002,0.4139292259999934
705,0.07043308019638062,0.20290234684944153,0.39502513700000463
706,0.07623983919620514,0.23666980862617493,0.4099167839999609
707,0.06738346070051193,0.23591241240501404,0.4108637460000182
708,0.198988676071167,0.8082075119018555,0.39602241199997934
709,0.07348395138978958,1.5750049352645874,0.4175489319999883
710,0.07683124393224716,0.24379819631576538,0.4001478810000094
711,0.06302583962678909,0.11031825095415115,0.40756683800003657
712,0.0745181292295456,0.22618426382541656,0.4036163270000088
713,0.07251664996147156,0.20530875027179718,0.40845353000003115
714,0.08703726530075073,0.33913636207580566,0.41158118100003094
715,0.06809738278388977,3.7728447914123535,0.40436912800004166
716,0.06168699637055397,0.11176057904958725,0.41614672000002884
717,0.07066185027360916,0.1932230442762375,0.4107577980000201
718,0.06577309221029282,0.17801246047019958,0.4072996630000034
719,0.08101625740528107,2.567958354949951,0.40616072199998143
720,0.07381224632263184,0.20326140522956848,0.40592221099996095
721,0.08632418513298035,0.33874788880348206,0.41632137499999544
722,0.08163753151893616,0.3969646096229553,0.42529700899996215
723,0.07695028185844421,0.39171379804611206,0.4084734260000005
724,0.06274682283401489,0.1785488724708557,0.4033773920000385
725,0.07992494106292725,0.3834627568721771,0.4024508880000326
726,0.09936131536960602,1.4305250644683838,0.40809146100002636
727,0.10645687580108643,0.619117259979248,0.3964343270000086
728,0.07593906670808792,0.3234144449234009,0.4128024190000019
729,0.12885040044784546,1.339443564414978,0.4049347739999689
730,0.09774962812662125,0.4064137041568756,0.4060035869999865
731,0.0984896644949913,0.29107794165611267,0.41299715899998546
732,0.08219918608665466,0.3375086188316345,0.40568203799995217
733,0.081682488322258,0.26549312472343445,0.4096314459999917
734,0.09392059594392776,0.32186800241470337,0.4011204029999931
735,0.07806893438100815,0.23696179687976837,0.40737038399998937
736,0.0722665935754776,0.6176943778991699,0.4130291769999985
737,0.08118279278278351,0.29013580083847046,0.39957476800003633
738,0.14115840196609497,0.7156499028205872,0.41006424599999036
739,0.08017262816429138,0.7754351496696472,0.40436284999998406
740,0.08355741947889328,0.23950889706611633,0.4108434720000105
741,0.10132317245006561,0.4566855728626251,0.4016082889999666
742,0.07388806343078613,0.2903134822845459,0.40709172399999716
743,0.0866924524307251,0.39885157346725464,0.40603270600001906
744,0.061452120542526245,0.6952346563339233,0.3960592610000049
745,0.08077803254127502,0.29293006658554077,0.40909136400000534
746,0.06909550726413727,0.2551328241825104,0.4226828209999667
747,0.07342438399791718,0.28015708923339844,0.40523285099999384
748,0.07224096357822418,0.2487630993127823,0.41001551400000835
749,0.08464604616165161,0.22440049052238464,0.40498634200002925
750,0.07151587307453156,0.22992868721485138,0.4117850909999561
751,0.06104714423418045,0.2843879759311676,0.41049420399997416
752,0.08094088733196259,0.6457984447479248,0.42204643899998473
753,0.07453563809394836,0.2395767718553543,0.4063676320000127
754,0.08317679166793823,0.308598130941391,0.4028044860000364
755,0.05975108593702316,0.13033871352672577,0.40982123599997067
756,0.08556914329528809,0.29676729440689087,0.40644200399998454
757,0.06600268930196762,0.14988826215267181,0.403315823000014
758,0.06985794752836227,0.23741453886032104,0.4045514419999563
759,0.06337417662143707,0.15240268409252167,0.4155807550000077
760,0.06638945639133453,2.389659881591797,0.41113586900007704
761,0.07095721364021301,0.20581230521202087,0.41620284100008575
762,0.07910071313381195,1.946662187576294,0.420032061000029
763,0.08984126150608063,0.35208266973495483,0.453613030999918
764,0.10240841656923294,1.837968111038208,0.44930311600001005
765,0.08276888728141785,0.26800283789634705,0.4221907140000667
766,0.061209507286548615,0.10829851031303406,0.4006014059999643
767,0.14371207356452942,0.6341250538825989,0.43049120800003493
768,0.06534270942211151,0.20072396099567413,0.42631900699996095
769,0.11521729826927185,0.6364867091178894,0.4005576590000146
770,0.09398122131824493,0.391506165266037,0.40374298100005035
771,0.08478445559740067,0.4141249656677246,0.3991312849999531
772,0.10439331829547882,0.4918938875198364,0.4097134290000213
773,0.08448914438486099,0.6154463291168213,0.4102779819999114
774,0.10065600275993347,0.3523876368999481,0.41740436499992484
775,0.13738766312599182,0.9327497482299805,0.4025106970000252
776,0.0642319768667221,0.21166692674160004,0.4007148790000201
777,0.08247257769107819,0.25236716866493225,0.40503977399998803
778,0.09797545522451401,0.48878946900367737,0.4090819150000016
779,0.1005091741681099,0.3903830051422119,0.4072979970000006
780,0.1029108315706253,0.5940468311309814,0.41242771300005643
781,0.0888240709900856,0.3739684820175171,0.41216589900000145
782,0.12227056920528412,4.536994934082031,0.410817249000047
783,0.08115358650684357,0.3067808747291565,0.39849766100007855
784,0.07274559140205383,0.9593566060066223,0.3977133230000618
785,0.06496470421552658,0.22327689826488495,0.41285774200002834
786,0.06642944365739822,0.15524280071258545,0.4024004990000094
787,0.0897095650434494,0.22178487479686737,0.4095385300000771
788,0.0888679102063179,0.369476318359375,0.4028920879999305
789,0.06932725012302399,0.37023791670799255,0.40848022800003037
790,0.0668756365776062,0.16229335963726044,0.4100890199999867
791,0.09834348410367966,0.4871887266635895,0.422100998000019
792,0.06142469495534897,0.14870594441890717,0.47898278900004243
793,0.06702357530593872,0.18560534715652466,0.39862899399997787
794,0.10496994853019714,0.3926940858364105,0.40361060899999757
795,0.0723956972360611,0.2551024854183197,0.4080362830000013
796,0.12956126034259796,0.7411500811576843,0.4052016339999227
797,0.06894303113222122,0.23055104911327362,0.4061366990000579
798,0.09233489632606506,0.7624281048774719,0.4048217869999462
799,0.10194708406925201,0.5385139584541321,0.40915922700003193
800,0.060174360871315,0.21191981434822083,0.40260576299999684
801,0.07307689636945724,0.20367313921451569,0.40889075699999466
802,0.06133413314819336,0.30801597237586975,0.41013785699999517
803,0.07836265861988068,0.2517087161540985,0.39963679100003446
804,0.13651248812675476,0.9277176856994629,0.4103515709999783
805,0.0689801350235939,0.184934601187706,0.40349984799991034
806,0.07755421102046967,0.17848539352416992,0.4140601259999812
807,0.08746926486492157,0.4047693908214569,0.4172184459999926
808,0.06910808384418488,0.21509797871112823,0.4156102289999808
809,0.06426077336072922,0.30821719765663147,0.42003706899993176
810,0.0872381255030632,0.3561820983886719,0.4063106770000786
811,0.08386475592851639,0.322711706161499,0.4076232600000367
812,0.06913239508867264,0.25981613993644714,0.4060912200000075
813,0.0827823281288147,0.3104306757450104,0.405979736000063
814,0.07725448906421661,0.46130338311195374,0.39793943500001205
815,0.07029735296964645,0.2311471849679947,0.4035704860000351
816,0.06410492211580276,2.472295045852661,0.4475183449999349
817,0.07406696677207947,0.6463531851768494,0.39962604900006227
818,0.08408986032009125,0.9410185217857361,0.4105434549999245
819,0.10346071422100067,2.33540940284729,0.4176690099999405
820,0.062062934041023254,0.13524657487869263,0.40060181399996964
821,0.11839122325181961,2.276122570037842,0.4059058750000304
822,0.063740074634552,0.1172368973493576,0.4060458889999836
823,0.07194030284881592,0.47040510177612305,0.40135580499998014
824,0.06845605373382568,3.092625856399536,0.4096747940000114
825,0.21084576845169067,2.5625290870666504,0.408421657999952
826,0.06862446665763855,0.18532882630825043,0.4104934609999873
827,0.07383015751838684,0.23824039101600647,0.4074557060000643
828,0.07685746997594833,0.3557259738445282,0.4033212159999948
829,0.06597957015037537,2.801572322845459,0.40316613599998163
830,0.1325043886899948,0.8627256751060486,0.40162162400008583
831,0.060974106192588806,0.13092048466205597,0.40278806599997097
832,0.08013202250003815,1.504679560661316,0.40720071300006566
833,0.07052356749773026,0.25865060091018677,0.4061957119999988
834,0.07072415947914124,0.24867278337478638,0.39579345900006047
835,0.06741751730442047,0.12092743813991547,0.4057116720000522
836,0.061953868716955185,0.12588274478912354,0.4081914890000462
837,0.08524426817893982,0.32468292117118835,0.4034284879999177
838,0.09137232601642609,0.8041201233863831,0.4064912459999732
839,0.06444364786148071,0.2187550812959671,0.3982005329999083
840,0.08503801375627518,0.3343113958835602,0.4186998970000104
841,0.06736451387405396,0.18252679705619812,0.43525132100000974
842,0.06736437976360321,0.169046550989151,0.415105283999992
843,0.09744943678379059,0.38185954093933105,0.42261664600005133
844,0.0685570165514946,0.1609390527009964,0.4090236359999153
845,0.07158209383487701,0.2333880215883255,0.4077327290000312
846,0.060757193714380264,0.493996798992157,0.4194515809999757
847,0.06236976757645607,6.801420211791992,0.40818918799993753
848,0.06076989695429802,0.22873304784297943,0.4100851450000391
849,0.07852566242218018,0.5787091851234436,0.4128448809999554
850,0.06205792352557182,0.5562600493431091,0.4075056689999883
851,0.06769903749227524,0.2158133089542389,0.40603281999995033
852,0.0871700868010521,0.7917913198471069,0.4066968450000559
853,0.06758685410022736,0.6159764528274536,0.42183005599997614
854,0.08107025921344757,0.8703650832176208,0.41824677999989035
855,0.07511304318904877,0.30372294783592224,0.4069294619999937
856,0.06589028239250183,0.3749861717224121,0.4076806040000065
857,0.07432077825069427,0.2868832051753998,0.4046594090000326
858,0.08553951978683472,0.4192282259464264,0.41904582799998025
859,0.0818844735622406,0.29100537300109863,0.4178691770000569
860,0.07005967199802399,0.2173757702112198,0.41090428699999393
861,0.07719478011131287,0.27132919430732727,0.41404597499990814
862,0.07372429221868515,0.2422485202550888,0.4126350779999939
863,0.0726112574338913,0.22521279752254486,0.4212122729999237
864,0.06473718583583832,2.580347776412964,0.4480389489999652
865,0.065375417470932,2.66119384765625,0.42664569900000515
866,0.07116347551345825,0.3126469850540161,0.41783299999997325
867,0.07517749071121216,0.3839780390262604,0.41357570399998167
868,0.08573278784751892,0.35215306282043457,0.4222644820000596
869,0.0703422799706459,0.23657429218292236,0.423696130000053
870,0.06156720593571663,0.1766410619020462,0.4165419800000336
871,0.06452768296003342,0.1769201010465622,0.4194391790000509
872,0.08992403745651245,0.3237851858139038,0.42312624400005916
873,0.06482867896556854,0.29592961072921753,0.4207140949999939
874,0.06382578611373901,0.1794442981481552,0.40327676000003976
875,0.1484372764825821,0.8286434412002563,0.403091844999949
876,0.05934002995491028,0.1288156509399414,0.4009128550000014
877,0.10398421436548233,0.5314645171165466,0.4112110959999882
878,0.06175190955400467,0.15592852234840393,0.40418044900002315
879,0.08106769621372223,0.3505304753780365,0.4113867199999959
880,0.1260133981704712,0.6453555822372437,0.40134615399995255
881,0.0660942941904068,5.1132330894470215,0.4011589570000069
882,0.0678229033946991,0.19862429797649384,0.4060280610000291
883,0.09622366726398468,0.4215683937072754,0.4044088749999446
884,0.06965257227420807,0.9876672625541687,0.43671873100004177
885,0.14854592084884644,0.923302173614502,0.40783672200007004
886,0.07181055843830109,0.19845105707645416,0.40471928699992077
887,0.061248354613780975,0.1345144659280777,0.4052450689999887
888,0.07272407412528992,0.20693959295749664,0.45106027399992854
889,0.12661705911159515,0.6040049195289612,0.4171985490000907
890,0.0936238020658493,0.6437132954597473,0.4062293070001033
891,0.0907384604215622,1.3080354928970337,0.4174845910000613
892,0.08242638409137726,0.253186970949173,0.4076640859999543
893,0.06181526184082031,0.9507336020469666,0.40098404900004425
894,0.066961869597435,0.4930914640426636,0.408694745000048
895,0.0629391074180603,0.18205809593200684,0.4013641540000208
896,0.08178910613059998,1.0987787246704102,0.40685789700000896
897,0.12791146337985992,0.875535786151886,0.40543634400000883
898,0.07902192324399948,0.33911359310150146,0.41100710299997445
899,0.07025007903575897,0.24976569414138794,0.40358721200004766
900,0.07252155244350433,0.3082077205181122,0.4164981889999808
901,0.0638534277677536,0.1739106923341751,0.41166036699996766
902,0.06474100798368454,0.2147168666124344,0.41153662300007454
903,0.09643025696277618,9.326176643371582,0.40359710600000653
904,0.08263327181339264,0.388668954372406,0.3965596009999217
905,0.0783764123916626,0.33414584398269653,0.39985788100000264
906,0.09823036938905716,0.5131727457046509,0.4048625319999246
907,0.06501570343971252,0.15247668325901031,0.4007072160000007
908,0.06006273627281189,6.003840923309326,0.4022862189999614
909,0.0673050731420517,0.23800906538963318,0.4194945489999782
910,0.08183789253234863,0.5976716876029968,0.415388814000039
911,0.06580626964569092,1.908557415008545,0.4229903829999557
912,0.077177494764328,0.18491289019584656,0.45923785399997996
913,0.08237998187541962,0.44447189569473267,0.41988105500001893
914,0.07249677926301956,0.19254782795906067,0.4105954770000153
915,0.06375254690647125,0.678557813167572,0.40907996299995375
916,0.2050962746143341,5.255867958068848,0.413405044000001
917,0.0717020109295845,0.15298038721084595,0.40773935699996855
918,0.08526510000228882,0.357898086309433,0.4202483050000865
919,0.08080057799816132,0.5901416540145874,0.41602541500003554
920,0.06438920646905899,0.1646270453929901,0.4223945350000804
921,0.1323326975107193,0.7470963001251221,0.41568330600000536
922,0.05926079303026199,0.13441166281700134,0.4178590640000266
923,0.06371963024139404,0.2367984801530838,0.4203941450000457
924,0.06667488813400269,0.21008630096912384,0.41697289599994747
925,0.15076033771038055,0.47177261114120483,0.4319544999999607
926,0.07591782510280609,0.27716052532196045,0.6919709259999536
927,0.09730451554059982,0.4857247471809387,0.4088024850000238
928,0.13256755471229553,0.6866865158081055,0.42104037000001426
929,0.0645819902420044,0.1546710729598999,0.429764213999988
930,0.0727214515209198,0.4175845980644226,0.42220844799999213
931,0.07906913757324219,0.36542898416519165,0.42365602799998214
932,0.06759859621524811,0.18663330376148224,0.43633076300000084
933,0.0939420536160469,0.3396754264831543,0.4147956939999631
934,0.07070649415254593,0.21925900876522064,0.43313808499999595
935,0.07009564340114594,0.17841394245624542,0.44521787500002574
936,0.07431604713201523,0.22867734730243683,0.413762969000004
937,0.07550767064094543,0.26087936758995056,0.41341963499996837
938,0.12212668359279633,1.5104507207870483,0.40680860899999516
939,0.0692584291100502,0.24035455286502838,0.40914710799995646
940,0.06654305011034012,1.1557905673980713,0.41074845499997537
941,0.07085412740707397,0.2658209502696991,0.41200857700005145
942,0.07515709847211838,0.1865493655204773,0.4333283199999869
943,0.08932267129421234,1.1453086137771606,0.4157042280000951
944,0.06093677133321762,0.19086138904094696,0.41963601899999503
945,0.059525080025196075,0.08490335196256638,0.4170992300000762
946,0.06245627626776695,0.1912916898727417,0.4125413069999695
947,0.0618387907743454,0.18563587963581085,0.408692158000008
948,0.06624288111925125,0.33959272503852844,0.405858999999964
949,0.06994225084781647,0.17314159870147705,0.4121362680000402
950,0.14511050283908844,0.8761823177337646,0.4145852190000596
951,0.10976263880729675,0.5121825337409973,0.42360930300003474
952,0.1074182316660881,0.5523282289505005,0.4211810099999411
953,0.05868474394083023,1.5751228332519531,0.43555213799993453
954,0.1209055483341217,0.60573810338974,0.4328816029999416
955,0.08974681049585342,0.29792389273643494,0.4133161409999957
956,0.07019922137260437,0.5018782019615173,0.40653932499992607
957,0.06730319559574127,0.1952793300151825,0.4048252280000497
958,0.14300298690795898,1.1094313859939575,0.40996234399995046
959,0.06483300030231476,0.11043155938386917,0.4286598349999622
960,0.07560856640338898,0.3077956736087799,0.4146140039999864
961,0.06451168656349182,0.21251307427883148,0.41971015500007525
962,0.07456126809120178,0.7357504963874817,0.4143899959999544
963,0.12155154347419739,0.8903481960296631,0.41491416999997455
964,0.10512236505746841,0.5307956337928772,0.407234184999993
965,0.07810252904891968,0.2380436658859253,0.4267336919999707
966,0.067779541015625,0.15808893740177155,0.42550896600005217
967,0.08806975185871124,0.33307766914367676,0.4157776220000642
968,0.08214055001735687,0.3509718179702759,0.4153453979999995
969,0.076852947473526,0.211541548371315,0.4174842399999079
970,0.07029979676008224,0.14509154856204987,0.4063574599999811
971,0.07266872376203537,0.3738112151622772,0.39568644499991024
972,0.0719485878944397,0.3139360845088959,0.4001561349999747
973,0.10577401518821716,0.4648396372795105,0.39801963200000046
974,0.07062976807355881,0.2717548608779907,0.3937780410000187
975,0.06312336027622223,0.26422277092933655,0.39873698600001717
976,0.07614196836948395,0.28395822644233704,0.39419463500007623
977,0.06331822276115417,0.19278009235858917,0.3967481919999045
978,0.09317748248577118,0.31979215145111084,0.4080266450000636
979,0.08461825549602509,0.27499306201934814,0.40302417299994886
980,0.06793420016765594,0.1991644948720932,0.40385391500001333
981,0.06952626258134842,0.21377062797546387,0.39873426500003006
982,0.07068675756454468,4.787144184112549,0.41397372000005817
983,0.0626421645283699,0.19700349867343903,0.41789546899997276
984,0.10417068004608154,1.1114948987960815,0.40253928599997835
985,0.06016792356967926,0.10821504890918732,0.41584461399997963
986,0.07505559921264648,0.21617165207862854,0.4142103890000044
987,0.18428388237953186,1.1970068216323853,0.40815504600004715
988,0.06776440143585205,0.2123298943042755,0.39880418100005954
989,0.08173363655805588,0.3061026930809021,0.40056424099998367
990,0.06796598434448242,5.289901256561279,0.40265929899999264
991,0.0581849068403244,0.2279064655303955,0.3997718770000347
992,0.0742734968662262,0.2587380111217499,0.41033294900000783
993,0.06970058381557465,0.19329385459423065,0.39945122399990396
994,0.0659165307879448,0.18257082998752594,0.3957135329999346
995,0.08288495242595673,0.3088301420211792,0.4104519589999427
996,0.06554459035396576,0.2245243787765503,0.401639490999969
997,0.06678502261638641,0.265952467918396,0.40672814099991683
998,0.05959175527095795,0.3486069440841675,0.4003465519999736
999,0.0950348973274231,0.45587316155433655,0.4007272249999687
1000,0.07800758630037308,5.390598773956299,0.4024942949999968
1001,0.17336511611938477,0.7512855529785156,0.4115304719999813
1002,0.07766184210777283,0.2656386196613312,0.4073354729999892
1003,0.06726733595132828,0.2297874391078949,0.4038510849999284
1004,0.06182997673749924,0.1355798840522766,0.39747787299995707
1005,0.06435652822256088,0.23042473196983337,0.43175377500006107
1006,0.07109728455543518,0.20263059437274933,0.4278054760000032
1007,0.07133744657039642,0.19148828089237213,0.4617449529999931
1008,0.07269137352705002,0.27464747428894043,0.40520285500008413
1009,0.07744110375642776,0.27883249521255493,0.42610612500004663
1010,0.14786720275878906,0.9779890775680542,0.408649252000032
1011,0.07178495079278946,0.2080189734697342,0.40912573100001737
1012,0.0925603061914444,0.43442028760910034,0.42107887200006644
1013,0.07998723536729813,0.543178915977478,0.4105845459999955
1014,0.06758883595466614,0.17950889468193054,0.44655831400007173
1015,0.05864204466342926,0.20724338293075562,0.4580130739999504
1016,0.06258225440979004,0.2542024850845337,0.4358213710000882
1017,0.056471336632966995,0.10688301175832748,0.41459108900005504
1018,0.09981361031532288,0.4027652144432068,0.4053913040000907
1019,0.08063599467277527,0.251958429813385,0.40964022500008923
1020,0.07402519136667252,0.18221907317638397,0.39731326100002207
1021,0.07465861737728119,0.24280701577663422,0.40950604300007853
1022,0.05877157300710678,0.12882323563098907,0.4019089339999482
1023,0.0600171722471714,0.15246886014938354,0.39905592499997056
1024,0.06171569600701332,0.20923754572868347,0.40691063199994915
1025,0.08317282795906067,0.34334638714790344,0.4019508129999849
1026,0.06070243939757347,0.10834403336048126,0.40256826600000295
1027,0.07453486323356628,0.23476432263851166,0.4236107380000931
1028,0.10280582308769226,0.531441330909729,0.41456809399994654
1029,0.06379388272762299,0.14552509784698486,0.4420884500000284
1030,0.10348807275295258,0.5195014476776123,0.41339339700004984
1031,0.09814415872097015,0.32653751969337463,0.4046325680000109
1032,0.07193675637245178,0.250273734331131,0.3978887630000827
1033,0.06885555386543274,0.38467150926589966,0.3995602319999989
1034,0.0730593353509903,1.5578970909118652,0.4069486569999299
1035,0.06367748230695724,0.15907202661037445,0.40348467000001165
1036,0.060047708451747894,0.13507577776908875,0.4104887050000343
1037,0.06543474644422531,0.22732891142368317,0.40466633200003344
1038,0.11238981783390045,0.5142455101013184,0.40845633399999315
1039,0.06269679218530655,0.14257179200649261,0.41729613799998333
1040,0.0729433000087738,0.22169245779514313,0.40319265800008
1041,0.0850352868437767,0.29321277141571045,0.41740748000006533
1042,0.060537777841091156,0.1592458337545395,0.4073406850000083
1043,0.06212399899959564,0.19704724848270416,0.4049405900000238
1044,0.061379700899124146,0.7857174277305603,0.4099807799999553
1045,0.06606945395469666,0.1290685534477234,0.4169186889999992
1046,0.05997616797685623,0.10757256299257278,0.42313746499996796
1047,0.05964500457048416,0.21883812546730042,0.41029726200008554
1048,0.07876952737569809,0.2788470983505249,0.40421754800001963
1049,0.14812390506267548,0.7139503359794617,0.39663821700003155
1050,0.07093009352684021,0.25229698419570923,0.4115682949999382
1051,0.05844057351350784,0.1089806780219078,0.40840782499992656
1052,0.06404466181993484,0.1857827603816986,0.41753969499995947
1053,0.09120118618011475,0.3809400498867035,0.4388333840000769
1054,0.06988508999347687,0.9026089906692505,0.4008162479999555
1055,0.057655155658721924,0.10441979765892029,0.40388330600001154
1056,0.06309880316257477,1.8058245182037354,0.40221610300000066
1057,0.10059261322021484,0.43587806820869446,0.42095431100005953
1058,0.08774498105049133,0.8923518657684326,0.4139996940000401
1059,0.09027999639511108,0.37161684036254883,0.41719132499997613
1060,0.16926905512809753,0.7723958492279053,0.4009416430000101
1061,0.14327511191368103,0.6953374147415161,0.40750285199999325
1062,0.07699189335107803,0.6764371395111084,0.4164647469999636
1063,0.0608951672911644,0.14347083866596222,0.41148031499994886
1064,0.10657133162021637,0.3434716463088989,0.40198353799996767
1065,0.09290311485528946,1.1319801807403564,0.4045108170000731
1066,0.08377839624881744,0.3298027515411377,0.39929094100000384
1067,0.058558881282806396,0.18464334309101105,0.3993419820000099
1068,0.07107049226760864,0.26521918177604675,0.40186203500002193
1069,0.06181514263153076,0.13892507553100586,0.3986128249999865
1070,0.07270392775535583,0.29870089888572693,0.40799221700001453
1071,0.07453443109989166,0.36229953169822693,0.41486651200000324
1072,0.1162419244647026,0.47111213207244873,0.41013759600002686
1073,0.10841289907693863,0.4994121193885803,0.4098802029999433
1074,0.0626012533903122,0.1880413442850113,0.40209159400001226
1075,0.08896239846944809,0.3354213833808899,0.4206878070000357
1076,0.07299154996871948,0.31743988394737244,0.4029170140000815
1077,0.06815867125988007,0.1902826726436615,0.44204633499998636
1078,0.06617771089076996,0.21010495722293854,0.4020539319999443
1079,0.0623910129070282,0.23102928698062897,0.39879688299993177
1080,0.06889033317565918,0.25407111644744873,0.4288433610000766
1081,0.05931924283504486,0.1140991747379303,0.40648381699998026
1082,0.07028737664222717,0.2955962121486664,0.40195188399991366
1083,0.06070505827665329,0.1433166116476059,0.405197578999946
1084,0.11781947314739227,1.7124112844467163,0.4057392600000185
1085,0.06640850007534027,0.18341630697250366,0.4040544740000769
1086,0.06132099777460098,0.160835400223732,0.40430813700004364
1087,0.06678608059883118,0.22333069145679474,0.4070708579999973
1088,0.07696343958377838,1.6458436250686646,0.4264199630000576
1089,0.07075583934783936,0.27292659878730774,0.4038243820000389
1090,0.05854546278715134,0.17731338739395142,0.4159556809999003
1091,0.07132899761199951,0.21938316524028778,0.40495480699996733
1092,0.1220725029706955,0.6554065346717834,0.4134103389999382
1093,0.11193111538887024,3.0017640590667725,0.39890898499993455
1094,0.068590447306633,0.16473624110221863,0.41202438899995286
1095,0.10917285084724426,0.4577436149120331,0.3996664349999719
1096,0.06206512451171875,0.18138422071933746,0.4093800090000741
1097,0.06883001327514648,0.1354333460330963,0.41641637600002923
1098,0.06300178915262222,0.17057481408119202,0.4077869830000509
1099,0.06400209665298462,0.18699763715267181,0.407239155999946
1100,0.06779422610998154,0.23174679279327393,0.4067841620000081
1101,0.05834648385643959,0.17916196584701538,0.43255609899995306
1102,0.0727793425321579,0.8562201261520386,0.4058996499999239
1103,0.0640348419547081,0.1761629730463028,0.40594877800003815
1104,0.06646175682544708,0.46739473938941956,0.407098385999916
1105,0.07031595706939697,0.6126201748847961,0.40945966499998576
1106,0.08915019035339355,2.0915260314941406,0.4140808780000498
1107,0.07252705097198486,0.2379937320947647,0.41694158799998604
1108,0.06542488932609558,0.599227249622345,0.40952379400005157
1109,0.09814432263374329,0.5611816644668579,0.4079797409999628
1110,0.060114987194538116,0.1294286549091339,0.40501302799998484
1111,0.06201827526092529,0.20686087012290955,0.4108664169999656
1112,0.08665219694375992,0.4475451707839966,0.4113757769999893
1113,0.06489039212465286,0.18380673229694366,0.4105675460000384
1114,0.08078376948833466,0.26091018319129944,0.4136681109999927
1115,0.06412262469530106,0.2668845057487488,0.40764253099996495
1116,0.06498673558235168,0.21057623624801636,0.408641303999957
1117,0.06787681579589844,0.20160739123821259,0.41587851400004183
1118,0.05811021476984024,0.7214106917381287,0.4216007139999647
1119,0.07056000828742981,0.5068721771240234,0.408245791000013
1120,0.057692237198352814,0.16901420056819916,0.396372614000029
1121,0.0842985063791275,0.2775799334049225,0.4055751539999619
1122,0.10492077469825745,0.5508610010147095,0.40203555799996593
1123,0.05819636210799217,0.16107355058193207,0.4059228930000245
1124,0.06298494338989258,0.3182794749736786,0.4018593389999978
1125,0.06870660185813904,0.20628248155117035,0.42183524499989744
1126,0.07229134440422058,0.27126407623291016,0.40919993299996804
1127,0.07164312899112701,0.2271229475736618,0.40301165599998967
1128,0.06021867319941521,0.23212780058383942,0.40254052199998114
1129,0.06685250997543335,0.16105805337429047,0.3942627310000262
1130,0.06786754727363586,0.18192923069000244,0.4021461579999368
1131,0.05494367331266403,0.08162131160497665,0.405444637999949
1132,0.12591229379177094,0.6231762170791626,0.4009661600000527
1133,0.07639157772064209,0.34174612164497375,0.4008990070000209
1134,0.06644466519355774,2.312596082687378,0.3952442949999977
1135,0.058276183903217316,0.6329575181007385,0.4023260339999979
1136,0.05830125883221626,0.7679093480110168,0.4068400710000333
1137,0.06251787394285202,0.19912844896316528,0.40390355900001396
1138,0.056730542331933975,1.8618334531784058,0.4073490020000463
1139,0.0737655833363533,0.24573203921318054,0.40481045199999244
1140,0.06035049632191658,0.21259364485740662,0.40374140200003694
1141,0.06586641818284988,0.6624227166175842,0.41723854199995003
1142,0.07360522449016571,0.2728065848350525,0.41073292999999467
1143,0.060991596430540085,0.5022574663162231,0.4045448279999846
1144,0.07084839046001434,0.31178146600723267,0.40159550699991087
1145,0.06773615628480911,0.22779347002506256,0.4040171049999799
1146,0.06988190859556198,0.21900084614753723,0.3999951889999238
1147,0.06462524831295013,0.23469649255275726,0.40374664199998733
1148,0.06384948641061783,1.7406141757965088,0.3976084890000493
1149,0.06468373537063599,0.22021925449371338,0.406234478999977
1150,0.06113017350435257,0.2017384022474289,0.41353166900000815
1151,0.06524484604597092,0.22827140986919403,0.4014233369999829
1152,0.06923867762088776,0.2153698354959488,0.39774397300004694
1153,0.07580649852752686,0.40720638632774353,0.41312531999994917
1154,0.06834129989147186,0.3122207224369049,0.40681573100005153
1155,0.05950897932052612,0.15217439830303192,0.402418535000038
1156,0.06178774684667587,0.19858232140541077,0.4060766469999635
1157,0.07971063256263733,0.3954303562641144,0.3990872539999373
1158,0.06587010622024536,0.20023757219314575,0.4041107570000122
1159,0.11118170619010925,0.6252915859222412,0.4055526250000412
1160,0.06639145314693451,0.5603211522102356,0.40593016399998305
1161,0.05634729564189911,0.11904694885015488,0.42319236900004853
1162,0.055476441979408264,0.08478756248950958,0.4093498429999727
1163,0.07170359790325165,0.2900746464729309,0.4298398900000393
1164,0.06495973467826843,0.17007099092006683,0.40718521300004795
1165,0.06462287902832031,3.861720085144043,0.408180381999955
1166,0.07539261877536774,0.3273084759712219,0.42501846899995144
1167,0.06164821982383728,0.20205746591091156,0.40146137600004295
1168,0.08126960694789886,0.4287601113319397,0.4220524969999815
1169,0.05571136251091957,0.12471961230039597,0.4099976009999864
1170,0.05724111199378967,0.15943963825702667,0.41352713399999175
1171,0.06852113455533981,0.8319328427314758,0.4062604160000092
1172,0.0640290156006813,20.160734176635742,0.4087915369999564
1173,0.06287089735269547,0.1849471926689148,0.4085392670000374
1174,0.057876862585544586,0.14730530977249146,0.43728755299991917
1175,0.07773667573928833,0.26114290952682495,0.4269313490000286
1176,0.06917865574359894,1.8885900974273682,0.42110989899993
1177,0.057373274117708206,0.15727859735488892,0.4254486460000635
1178,0.0879279375076294,0.33675751090049744,0.4046854460000304
1179,0.14166304469108582,0.6304912567138672,0.41515889400000106
1180,0.06538549810647964,0.3337728977203369,0.42027136700005485
1181,0.06680194288492203,0.2134522646665573,0.41847899899994445
1182,0.05842679738998413,0.1476888656616211,0.41869544500002576
1183,0.06566565483808517,0.20488104224205017,0.4206069169999864
1184,0.08470800518989563,0.28585535287857056,0.41470133600000736
1185,0.06690241396427155,0.39670443534851074,0.4102586750000228
1186,0.06096857786178589,1.0982022285461426,0.409356015999947
1187,0.06898973882198334,0.28398194909095764,0.4112191189999521
1188,0.05973530933260918,0.14195376634597778,0.4005323920000592
1189,0.08156080543994904,0.34112048149108887,0.41763724400004776
1190,0.06485726684331894,0.23770299553871155,0.41365740100002313
1191,0.13155514001846313,0.5439313054084778,0.41548134499998923
1192,0.06663326919078827,0.34748390316963196,0.4148016759999109
1193,0.07464628666639328,0.22241955995559692,0.40775830399991264
1194,0.07764197885990143,0.28557348251342773,0.41691696400005185
1195,0.08169154822826385,0.2552546560764313,0.41429175600001145
1196,0.06181564927101135,0.11184216290712357,0.4112479319999238
1197,0.07732612639665604,0.3476477563381195,0.4173643210000364
1198,0.06057671085000038,0.14588315784931183,0.42297382300000663
1199,0.07859253138303757,0.2316543608903885,0.4031261360000826
1200,0.06861115992069244,0.23060889542102814,0.4074698240000316
1201,0.13439062237739563,1.0053274631500244,0.41546709600004306
1202,0.08567629754543304,0.4524187445640564,0.39752219699994384
1203,0.06098885461688042,0.0925818532705307,0.4020170789999611
1204,0.05539180710911751,0.13837359845638275,0.3991742019999265
1205,0.06539031863212585,0.13956964015960693,0.397286978000011
1206,0.06749601662158966,0.25031325221061707,0.4235969249999698
1207,0.06323563307523727,0.22588470578193665,0.41323379499999646
1208,0.057506218552589417,0.1472337245941162,0.40559516500002246
1209,0.058743733912706375,0.16286788880825043,0.4054013859999941
1210,0.06070128083229065,0.1517529934644699,0.41786701000000903
1211,0.09064926207065582,0.4339894652366638,0.4094358589999274
1212,0.09165797382593155,0.4413454532623291,0.3977498240000159
1213,0.056955792009830475,0.0975915938615799,0.40391707800006316
1214,0.11767299473285675,0.3914089500904083,0.4116769969999723
1215,0.06426730006933212,0.4258701801300049,0.4182924859999275
1216,0.0677061378955841,0.20092539489269257,0.4086982320000061
1217,0.06085613742470741,0.1576807200908661,0.40096943000003193
1218,0.07917255163192749,0.31240031123161316,0.39849794700000984
1219,0.06966213136911392,0.28207579255104065,0.407571675999975
1220,0.0880289077758789,1.3811711072921753,0.39999189200000274
1221,0.08464378118515015,0.38275304436683655,0.412254743999938
1222,0.12621518969535828,0.8836499452590942,0.4296451899999738
1223,0.06425458192825317,0.21128255128860474,0.4087076819999993
1224,0.07455161958932877,0.3153187036514282,0.4008331799999496
1225,0.06578518450260162,0.26447322964668274,0.4486947540000301
1226,0.10623271763324738,0.5686130523681641,0.4237123929999598
1227,0.06735126674175262,0.25344961881637573,0.4023320919999378
1228,0.12496696412563324,0.7819425463676453,0.40704368899992005
1229,0.07244040817022324,0.2978617250919342,0.39401369400002295
1230,0.05948789417743683,0.1803181767463684,0.4022726059999968
1231,0.06563599407672882,2.19612979888916,0.4077148359999683
1232,0.07638660818338394,1.2454829216003418,0.4029686960000163
1233,0.09504382312297821,0.5978910326957703,0.408090004000087
1234,0.212551087141037,1.8116428852081299,0.4077318379999042
1235,0.060909204185009,0.1512579321861267,0.40689660500004265
1236,0.07066832482814789,0.23346567153930664,0.4118020459999343
1237,0.06160849332809448,0.19093163311481476,0.4153468199999679
1238,0.08036375045776367,0.5188655257225037,0.4119134940000322
1239,0.10358019173145294,2.023838758468628,0.4252016000000367
1240,0.06710242480039597,0.44885993003845215,0.41472199800000453
1241,0.07014331966638565,0.2274419516324997,0.40337049599997954
1242,0.07178081572055817,0.26029568910598755,0.40718639800002165
1243,0.09612730145454407,0.7633577585220337,0.40809986599992953
1244,0.10573357343673706,0.46237874031066895,0.40649730600000566
1245,0.07796236872673035,0.279460608959198,0.4081755530000919
1246,0.08838175982236862,0.3508774936199188,0.44035787699999673
1247,0.06912628561258316,0.8287431001663208,0.4342715309999221
1248,0.09374595433473587,0.4489802420139313,0.41222943299999315
1249,0.07581131905317307,0.26551517844200134,0.42105989900005625
1250,0.1545598804950714,0.6439976096153259,0.4137685310000734
1251,0.06995957344770432,0.22538508474826813,0.4045685039999398
1252,0.07493320852518082,0.23963020741939545,0.4037140529999306
1253,0.05831900238990784,0.11705449968576431,0.4149953500000265
1254,0.06448422372341156,0.2121884673833847,0.435404551999909
1255,0.07089443504810333,0.2521052062511444,0.44991559099992173
1256,0.06543967127799988,0.199030339717865,0.430573011999968
1257,0.0622970387339592,0.1504170149564743,0.4319748749999235
1258,0.07796631753444672,0.28344738483428955,0.39887809399999696
1259,0.057994164526462555,0.09969543665647507,0.3995478460000186
1260,0.06711755692958832,0.1896364688873291,0.40275605599993014
1261,0.06742355972528458,0.2537437379360199,0.40968831999998656
1262,0.07319484651088715,0.27667003870010376,0.4080191289999675
1263,0.06360587477684021,0.17260582745075226,0.4149120499999981
1264,0.06956101953983307,0.25503236055374146,0.4127469079999173
1265,0.0753769800066948,0.30843719840049744,0.41217365900001823
1266,0.1263105571269989,0.6408841609954834,0.398588559000018
1267,0.05817723274230957,0.19258345663547516,0.4328021069999295
1268,0.09968870878219604,0.44274118542671204,0.4269811940000636
1269,0.06137401610612869,0.15575867891311646,0.41080420200000844
1270,0.06532272696495056,0.14005860686302185,0.40429373199992824
1271,0.08840151131153107,0.40802478790283203,0.4045637670000133
1272,0.09018269181251526,1.25272798538208,0.4100277229999847
1273,0.058844901621341705,0.1618330329656601,0.40112581200003206
1274,0.0591205433011055,0.1821308732032776,0.40225276600006055
1275,0.06597352772951126,0.19829170405864716,0.4151952980000715
1276,0.0960216224193573,2.1962502002716064,0.4127952019999839
1277,0.11708077788352966,0.7136606574058533,0.4161996509999426
1278,0.07185623049736023,0.2924673855304718,0.40328454899997723
1279,0.05824950337409973,0.13290050625801086,0.3972925660000328
1280,0.061212025582790375,0.11337719857692719,0.4058583620000036
1281,0.05431058257818222,0.4321657419204712,0.4012378310000031
1282,0.0863511860370636,0.5627476572990417,0.3997456220000686
1283,0.06555336713790894,0.19809964299201965,0.4026530250000633
1284,0.06882147490978241,0.3068722188472748,0.4177836210000123
1285,0.07142019271850586,0.4079708755016327,0.40615170399996714
1286,0.06685963273048401,0.22817733883857727,0.4006511559999808
1287,0.05505792051553726,0.2216223180294037,0.4112878889999365
1288,0.06470482796430588,21.395360946655273,0.39601326999991215
1289,0.08859318494796753,0.3644592761993408,0.4063485679999985
1290,0.07159695029258728,0.19786116480827332,0.4044484129999546
1291,0.06371718645095825,0.17441098392009735,0.40760820800005604
1292,0.06229910999536514,0.1653577983379364,0.44247620600003756
1293,0.07786983996629715,0.2604995369911194,0.4137129210000694
1294,0.06801223009824753,0.1962967962026596,0.4133586729999479
1295,0.07342399656772614,0.31151464581489563,0.4024453659999381
1296,0.05856209248304367,0.12253586202859879,0.4046330300000136
1297,0.07468017935752869,0.30091598629951477,0.4173400629999833
1298,0.05361718684434891,0.2509981095790863,0.4093511620000072
1299,0.05915229022502899,0.13261763751506805,0.420117196000092
1300,0.05707576870918274,0.26478180289268494,0.41533603200002744
1301,0.07152600586414337,2.328974723815918,0.41949633599995195
1302,0.06370754539966583,0.14065229892730713,0.4116509479999877
1303,0.06295713782310486,5.923697471618652,0.3962408190000133
1304,0.11372438073158264,0.37561845779418945,0.4090829299999541
1305,0.06381550431251526,0.18056990206241608,0.4050929119999864
1306,0.06288881599903107,0.174688458442688,0.4282719370000905
1307,0.05859774351119995,0.1272808313369751,0.4068508139999949
1308,0.06962010264396667,0.18634797632694244,0.4156360849999601
1309,0.10168972611427307,0.44951337575912476,0.4138216350000903
1310,0.1530551314353943,0.8740995526313782,0.40310771500003284
1311,0.05829491466283798,0.1429636925458908,0.40700949900008254
1312,0.0623413622379303,0.1612604856491089,0.40625494000005347
1313,0.09070667624473572,0.308971107006073,0.41254427399996985
1314,0.07210900634527206,0.2454436868429184,0.4117270760000338
1315,0.07980959117412567,0.3440614938735962,0.41002728900002694
1316,0.05969741940498352,0.12953777611255646,0.43286268700001074
1317,0.06401173770427704,0.19717910885810852,0.4056915510000181
1318,0.05920513719320297,0.13143858313560486,0.40695057999994333
1319,0.058852385729551315,0.15608513355255127,0.4084362940000119
1320,0.18679755926132202,1.1232019662857056,0.4232416260000491
1321,0.06714291125535965,0.2230834662914276,0.4052376419999746
1322,0.06477200984954834,0.21603809297084808,0.40042852700003095
1323,0.09625374525785446,0.47332751750946045,0.4030565939999633
1324,0.058755598962306976,0.1292741745710373,0.40995213099995453
1325,0.07999984174966812,0.34874945878982544,0.4228043099999468
1326,0.07244367152452469,0.22249068319797516,0.4063954069999909
1327,0.06256216019392014,0.2109474092721939,0.41347086799999033
1328,0.0699361264705658,0.20294354856014252,0.40366109400008554
1329,0.06011194735765457,0.15152473747730255,0.3967874599999277
1330,0.1378970891237259,0.5850447416305542,0.4000595730000214
1331,0.09873667359352112,0.3956551253795624,0.40363951599999837
1332,0.05587583780288696,0.1286444216966629,0.4030863949999457
1333,0.07831285148859024,0.29686564207077026,0.4181041460000188
1334,0.05953383073210716,0.1248469203710556,0.4184703820000095
1335,0.05695682018995285,0.13234618306159973,0.415472713999975
1336,0.06466811895370483,0.18529146909713745,0.40722500000003947
1337,0.06499366462230682,0.2558140754699707,0.4195205089999945
1338,0.14377282559871674,0.914939820766449,0.40340931999992335
1339,0.06225930526852608,0.13600973784923553,0.419493502000023
1340,0.06740354001522064,0.8721047639846802,0.43806991100007053
1341,0.05564883351325989,0.09493525326251984,0.4038755130000027
1342,0.057501230388879776,0.20652242004871368,0.4013884250000501
1343,0.08192794770002365,0.23921789228916168,0.4043049430000565
1344,0.07302266359329224,0.42278242111206055,0.4052566760000218
1345,0.07359039783477783,0.2539723515510559,0.4033664759999738
1346,0.06557286530733109,0.2039232701063156,0.40194962499992926
1347,0.06802795827388763,0.2748485803604126,0.40716732300006697
1348,0.10891150683164597,0.7198747992515564,0.3959187660000225
1349,0.07872139662504196,0.3745189309120178,0.44421611099994607
1350,0.06964176893234253,0.37339726090431213,0.4090407529999993
1351,0.05832133814692497,0.1978011429309845,0.40746972199997344
1352,0.06045188009738922,0.11837200820446014,0.41919696100001147
1353,0.0925125926733017,0.31030577421188354,0.4071331669999836
1354,0.06013152748346329,0.12919694185256958,0.40086291099999016
1355,0.05636647343635559,0.11771418154239655,0.40088399700005084
1356,0.05906730890274048,0.1582767516374588,0.4107945389999941
1357,0.05499707907438278,0.15567325055599213,0.43354071700002805
1358,0.0689554214477539,0.322135329246521,0.4179789020000726
1359,0.0613204762339592,0.18505577743053436,0.41832075199999963
1360,0.0816011130809784,0.2707273066043854,0.41089545800002725
1361,0.0981113463640213,0.41440123319625854,0.42024369199998546
1362,0.09238438308238983,0.42021340131759644,0.41604302799999004
1363,0.06836509704589844,1.6227748394012451,0.4139965830000847
1364,0.056718505918979645,0.10999464243650436,0.43753802100002304
1365,0.060423847287893295,0.2370586097240448,0.40091070099992976
1366,0.07403378933668137,0.6706832051277161,0.40214645499997914
1367,0.06415381282567978,0.15134197473526,0.404202625000039
1368,0.059144504368305206,0.12099486589431763,0.4000254509999195
1369,0.05984632670879364,0.15517441928386688,0.4067834159999393
1370,0.060042548924684525,0.17281174659729004,0.4098988970000619
1371,0.07189737260341644,0.23769618570804596,0.40875396499995986
1372,0.06217611953616142,0.21175210177898407,0.40347721399996317
1373,0.05326056480407715,0.07654662430286407,0.39816283700008626
1374,0.05948260799050331,0.1399243175983429,0.40464007799994306
1375,0.06062021851539612,0.15744327008724213,0.40817003600000135
1376,0.06927638500928879,0.22363702952861786,0.41259465699999964
1377,0.06493332237005234,0.2036147117614746,0.42051993699999457
1378,0.06414387375116348,0.23832066357135773,0.4156862930000216
1379,0.062463268637657166,0.220668762922287,0.41057198800001515
1380,0.12703754007816315,0.836394190788269,0.4086715240000558
1381,0.06974586844444275,0.3507433831691742,0.41414675100008935
1382,0.08381877839565277,0.2944100797176361,0.4128299970000171
1383,0.05421922355890274,0.16024865210056305,0.40584121500000947
1384,0.15124379098415375,1.1362441778182983,0.4086841240000467
1385,0.08206983655691147,0.36090338230133057,0.40877425199994377
1386,0.06656352430582047,0.19895707070827484,0.4077549989999625
1387,0.07236653566360474,0.2892706096172333,0.40995880200000556
1388,0.06361934542655945,0.19579815864562988,0.44783389299993814
1389,0.06271420419216156,0.1492544710636139,0.424077761000035
1390,0.06733477860689163,0.18953551352024078,0.41194678800002293
1391,0.07209650427103043,0.3115454912185669,0.41462602000001425
1392,0.1461152285337448,1.9365198612213135,0.40623452399995585
1393,0.06182949244976044,0.18450886011123657,0.4054882049999833
1394,0.07943691313266754,1.399764060974121,0.4064800539999851
1395,0.06314667314291,0.19927220046520233,0.40535038500001974
1396,0.053818151354789734,0.09341009706258774,0.4023335770000358
1397,0.06628580391407013,0.25570741295814514,0.40779414700000416
1398,0.05961828678846359,0.2140069454908371,0.40467553099995257
1399,0.06366918981075287,0.20556260645389557,0.39978093100000933
1400,0.10819459706544876,0.4375660717487335,0.4051488170000539
1401,0.05923568084836006,0.13899515569210052,0.4128816789999519
1402,0.07257993519306183,0.2683936655521393,0.4107009410000728
1403,0.06456351280212402,0.30214542150497437,0.4117400400000406
1404,0.09210298955440521,0.44707968831062317,0.43148551999991014
1405,0.06885569542646408,0.25720012187957764,0.4029937290000589
1406,0.054532214999198914,0.09414350241422653,0.3978941649999115
1407,0.07492147386074066,0.34260135889053345,0.404443858000036
1408,0.05383408069610596,0.11019711196422577,0.40459480300000905
1409,0.05649217963218689,0.09978213906288147,0.4143373619999693
1410,0.10485664010047913,0.49598100781440735,0.4176134040000079
1411,0.0708240196108818,0.18494945764541626,0.4229822319999812
1412,0.09809200465679169,0.5012578964233398,0.4559729430000061
1413,0.06623774766921997,0.2714441120624542,0.41502044300000307
1414,0.08627671748399734,0.7782419323921204,0.41906047999998464
1415,0.05441002547740936,0.10443589091300964,0.41816244200003894
1416,0.05430435389280319,0.14114601910114288,0.4111425660000805
1417,0.06112346798181534,0.1400904506444931,0.41480198599992946
1418,0.05703408271074295,9.478861808776855,0.41699598499997137
1419,0.06382355093955994,0.19288980960845947,0.41260055200007173
1420,0.0736498162150383,1.4087690114974976,0.42454486399992675
1421,0.10015305876731873,0.33677905797958374,0.4267116849999866
1422,0.07520173490047455,0.5401971936225891,0.4195595299999013
1423,0.059382688254117966,0.12029088288545609,0.41151944300008836
1424,0.061671189963817596,0.144253671169281,0.4009239099999604
1425,0.07379169762134552,0.21667234599590302,0.4111222110000199
1426,0.11519932746887207,0.6782203912734985,0.40962906799995835
1427,0.0616186186671257,0.17883209884166718,0.4090004540000791
1428,0.06630732119083405,0.22298793494701385,0.41227226899991365
1429,0.08156625926494598,0.5253386497497559,0.4068102329999874
1430,0.07706785947084427,0.3608895540237427,0.4106079299999692
1431,0.0656670331954956,0.2133389711380005,0.40205223999998907
1432,0.06803374737501144,0.22359128296375275,0.42499895799994647
1433,0.05515475571155548,0.1289977729320526,0.41375053499996284
1434,0.06000227853655815,0.6125392913818359,0.424136835000013
1435,0.06072346121072769,0.21286553144454956,0.43490411599998424
1436,0.0853257030248642,0.5620107650756836,0.43242042300005323
1437,0.06683753430843353,0.2454099804162979,0.4021193469999389
1438,0.08293896913528442,0.29479125142097473,0.40754339099999015
1439,0.06409750878810883,0.13640566170215607,0.4075463740000487
1440,0.06408454477787018,0.17536592483520508,0.4073535160000574
1441,0.05501843988895416,0.10774274915456772,0.40462431399998877
1442,0.07253702729940414,0.195595845580101,0.40804854299994986
1443,0.060012318193912506,0.15665064752101898,0.39921252900001036
1444,0.06640245020389557,3.8557076454162598,0.4072191989999965
1445,0.058224841952323914,0.13095614314079285,0.4078257590000476
1446,0.05250069871544838,0.10670355707406998,0.41104291999999987
1447,0.10878635942935944,3.442204713821411,0.4267783120000104
1448,0.12517300248146057,0.6800711750984192,0.40578548000007686
1449,0.053099799901247025,0.09390302002429962,0.42581903099994634
1450,0.060181863605976105,0.16159982979297638,0.4134105829999726
1451,0.07111074030399323,0.3061080574989319,0.40855735699994966
1452,0.08276854455471039,0.4816650450229645,0.40957661499999176
1453,0.05180593580007553,0.06594128906726837,0.40456445299992083
1454,0.07632210850715637,0.27785107493400574,0.40952816900005473
1455,0.07898673415184021,0.3238525092601776,0.3986205799999425
1456,0.06333821266889572,0.2053203284740448,0.4117750610000712
1457,0.05435585230588913,0.10489460080862045,0.40711008600010246
1458,0.07015914469957352,0.27660465240478516,0.39655744200001664
1459,0.06082305312156677,0.24223828315734863,0.42015589599998293
1460,0.05237722024321556,4.324220180511475,0.4345209699999941
1461,0.0679517537355423,0.21948447823524475,0.41698229899998296
1462,0.06151268631219864,1.1647922992706299,0.413173029999939
1463,0.05376590043306351,0.07569088041782379,0.41133647300000575
1464,0.06966619938611984,0.23188602924346924,0.4197237920000134
1465,0.05666617304086685,0.11253069341182709,0.40762416099994425
1466,0.07017885148525238,0.30606111884117126,0.41092378799999096
1467,0.05936416611075401,0.1575518697500229,0.3999983029999612
1468,0.07648557424545288,0.30189064145088196,0.4047907839999425
1469,0.05739308148622513,0.13114158809185028,0.41017143999999917
1470,0.08015699684619904,0.3033078610897064,0.41139229800000976
1471,0.05283540487289429,0.1366010457277298,0.4063292600000068
1472,0.10412025451660156,0.48761260509490967,0.40062233300000116
1473,0.05431972071528435,0.14593927562236786,0.41303251099998306
1474,0.06996192038059235,0.2717762291431427,0.40080733000002056
1475,0.06340952217578888,0.15811681747436523,0.4059740220000094
1476,0.057079143822193146,0.1406184583902359,0.42276527599995006
1477,0.06534804403781891,0.15139779448509216,0.40462315800004944
1478,0.0815272107720375,0.4213802218437195,0.4081021829999827
1479,0.05708610266447067,0.10036355257034302,0.4134647800000266
1480,0.05215362459421158,0.09979692101478577,0.4066789470000458
1481,0.09162741154432297,0.6924851536750793,0.4273071860000073
1482,0.056916143745183945,0.09854961186647415,0.39684148700007427
1483,0.056267522275447845,0.16000427305698395,0.45047305599996434
1484,0.06278177350759506,0.25203344225883484,0.41812713199999507
1485,0.05800876393914223,0.1910216361284256,0.42641769299996213
1486,0.059466518461704254,0.2570042014122009,0.40784344799999417
1487,0.059052202850580215,0.1760857254266739,0.40702122499999405
1488,0.05665037781000137,0.18681253492832184,0.41156373800004076
1489,0.06433044373989105,0.1709418147802353,0.4051035289999163
1490,0.05523213744163513,0.11509092152118683,0.43024115799994433
1491,0.05785509943962097,0.19982613623142242,0.4015729600000668
1492,0.06728742271661758,0.2841871380805969,0.4188506599999755
1493,0.07253797352313995,0.3182874023914337,0.4181209649999573
1494,0.05877673625946045,0.18068952858448029,0.4005844140000363
1495,0.07883410155773163,1.7270934581756592,0.4176326259999996
1496,0.06646700203418732,0.3841633200645447,0.40470493399993757
1497,0.06165311485528946,0.1959625482559204,0.4035267379999823
1498,0.06895234435796738,0.3114529550075531,0.4018513299999995
1499,0.11016267538070679,0.4970998764038086,0.39785613599997305
1500,0.05905703455209732,0.16799016296863556,0.4135785319999741
1501,0.08780407905578613,0.3977910280227661,0.42824940699995295
1502,0.14024749398231506,0.486380934715271,0.40942060600002605
1503,0.06457586586475372,0.1717948615550995,0.4092828359999885
1504,0.0788465216755867,0.41743627190589905,0.4030995940000821
1505,0.06357689201831818,0.20772583782672882,0.42845966099991983
1506,0.0712403878569603,0.16535118222236633,0.43905169000004207
1507,0.07356180250644684,0.32478344440460205,0.4146462280000378
1508,0.057339031249284744,0.1531522572040558,0.4149372739999535
1509,0.05799926817417145,0.210427924990654,0.39579718100003447
1510,0.05835946276783943,0.1734197586774826,0.4019259610000745
1511,0.053249672055244446,0.1052001342177391,0.40030626800000846
1512,0.05483412742614746,0.14417684078216553,0.4422092549999661
1513,0.05423716455698013,0.13818378746509552,0.4384961119999389
1514,0.07669645547866821,0.2995842397212982,0.444366890000083
1515,0.056868113577365875,0.18005064129829407,0.4133889829998907
1516,0.06123819947242737,0.135092094540596,0.40287190699996245
1517,0.05001387372612953,0.13133613765239716,0.40459560400006467
1518,0.05420637130737305,0.09889335930347443,0.4022830860000113
1519,0.08517631888389587,0.39326128363609314,0.40708649999999125
1520,0.06173965707421303,0.26488345861434937,0.40874508699994294
1521,0.06807710975408554,0.23908373713493347,0.40985349199991106
1522,0.08713003993034363,0.4415304362773895,0.4058885279999913
1523,0.06029970198869705,0.1683335155248642,0.4073348619999706
1524,0.08653780817985535,0.28180500864982605,0.407562611000003
1525,0.0655873715877533,0.23148992657661438,0.41307058099994265
1526,0.05386260896921158,0.113676518201828,0.40795628199998646
1527,0.06637592613697052,0.25040116906166077,0.4152966900001047
1528,0.05867421627044678,0.2201123833656311,0.4064167049999696
1529,0.05111067742109299,0.10778714716434479,0.4175843640000494
1530,0.056023769080638885,0.15053431689739227,0.43239323300008436
1531,0.05274704471230507,0.10715679824352264,0.4028530809999893
1532,0.08774814009666443,0.4915517568588257,0.4047301730000754
1533,0.09092666208744049,0.3923330008983612,0.4015132450000465
1534,0.05611265450716019,0.5073667764663696,0.4081969589999517
1535,0.06380097568035126,0.28137266635894775,0.3998740769999358
1536,0.060941487550735474,0.19348089396953583,0.4103689209999857
1537,0.053742922842502594,6.551118850708008,0.41694322299997566
1538,0.0751112625002861,0.34849581122398376,0.4151636240000016
1539,0.07315711677074432,0.2535974979400635,0.4154402089999394
1540,0.06320594251155853,0.195891335606575,0.40446118900001693
1541,0.05897726118564606,0.19177569448947906,0.4242827740000621
1542,0.10026561468839645,0.6256030797958374,0.42528989699997055
1543,0.05739070475101471,0.1569199413061142,0.41779062499995234
1544,0.06121445074677467,0.21010781824588776,0.40930164999997487
1545,0.05822578817605972,1.7963230609893799,0.40385906200003774
1546,0.05423208698630333,0.09141752123832703,0.40961105699989275
1547,0.06699524819850922,0.2989051342010498,0.41200504400001137
1548,0.12469474971294403,1.2229585647583008,0.40881646399998317
1549,0.07443605363368988,0.4685286581516266,0.414024841000014
1550,0.10235004872083664,0.5962435007095337,0.4083158739999817
1551,0.06001602113246918,0.22061297297477722,0.4133931250000842
1552,0.05573713779449463,1.2589303255081177,0.4025563100000227
1553,0.061999738216400146,0.17245998978614807,0.40996937299996716
1554,0.059539757668972015,0.18002696335315704,0.43449448599994867
1555,0.05713210999965668,0.1168292835354805,0.40827602100000604
1556,0.08180834352970123,0.5798516869544983,0.4101650590000645
1557,0.1333310604095459,0.7907404899597168,0.39942484499999864
1558,0.062141671776771545,0.16201715171337128,0.4150242010000511
1559,0.06570525467395782,0.2167878895998001,0.4149482049999733
1560,0.06038932502269745,0.24068261682987213,0.4255744860000732
1561,0.07479477673768997,0.28507381677627563,0.42439552100006495
1562,0.051230885088443756,0.09572077542543411,0.4091799740000397
1563,0.05958189815282822,0.2269160896539688,0.4158892120000246
1564,0.053485482931137085,0.13196182250976562,0.4072043889999577
1565,0.05876125767827034,0.13893769681453705,0.40752834899990376
1566,0.054584942758083344,0.6185406446456909,0.42010304499990525
1567,0.08881335705518723,0.3919510543346405,0.409829152000043
1568,0.05696007236838341,0.1506388634443283,0.4111598760000561
1569,0.05571504682302475,0.12707264721393585,0.40453118699997503
1570,0.061217181384563446,0.18715612590312958,0.4136613360000183
1571,0.05572257190942764,0.4342610239982605,0.4118987350000225
1572,0.05933675169944763,0.21731744706630707,0.4041104200000518
1573,0.05735598877072334,0.1265479028224945,0.407082990000049
1574,0.07883512228727341,0.6088893413543701,0.39963430099999186
1575,0.06426489353179932,0.24298888444900513,0.4038514629999099
1576,0.05286495387554169,0.0877329558134079,0.3978817910000316
1577,0.07371281087398529,0.27037209272384644,0.40419000300005337
1578,0.06942204385995865,17.139657974243164,0.4255022510000117
1579,0.060094669461250305,0.1717684417963028,0.3993513039999925
1580,0.06542059779167175,0.5978929996490479,0.4094860589999598
1581,0.07187995314598083,0.2926543056964874,0.40768142299998544
1582,0.0568658784031868,0.15217824280261993,0.40577032700002746
1583,0.05298740416765213,0.11423289775848389,0.40562804099999994
1584,0.1068020761013031,0.7077334523200989,0.4172599439999658
1585,0.06723229587078094,0.2554256319999695,0.409067221999976
1586,0.06364742666482925,0.22397631406784058,0.40207873400004246
1587,0.05430550128221512,0.10303039848804474,0.4004567219999444
1588,0.08748865872621536,0.5044910311698914,0.4149237409999387
1589,0.06322595477104187,0.20644022524356842,0.3957254809999995
1590,0.09291145950555801,0.8160516619682312,0.40576715600002444
1591,0.05628649890422821,0.11645166575908661,0.4064518879999923
1592,0.06658263504505157,0.44789206981658936,0.4120600229999809
1593,0.06312073767185211,0.20762674510478973,0.40870352999991155
1594,0.056422293186187744,0.10858535766601562,0.41539272900001833
1595,0.05947355180978775,0.17387789487838745,0.4057706230000804
1596,0.12858551740646362,1.2436590194702148,0.4109204789999694
1597,0.05581458657979965,0.10134172439575195,0.4219425129999763
1598,0.07012132555246353,0.2491675466299057,0.40445378100002927
1599,0.10563671588897705,2.6682896614074707,0.4127431559999195
1600,0.05992216244339943,0.1348877251148224,0.4077751040000521
1601,0.05745728686451912,0.17584708333015442,0.4183085409999876
1602,0.06095440685749054,0.16910144686698914,0.43836862899991047
1603,0.05318674072623253,0.7884662747383118,0.41347340600009375
1604,0.1226545050740242,0.7259762287139893,0.410130726000034
1605,0.06286569684743881,0.20295128226280212,0.4227056790000461
1606,0.08339446783065796,0.39479538798332214,0.41914774100007435
1607,0.10445928573608398,0.5894178748130798,0.41958156400005464
1608,0.05446070432662964,0.4929140508174896,0.4066611330000569
1609,0.06574800610542297,0.5467306971549988,0.4136813999999731
1610,0.0548405721783638,0.13113702833652496,0.4141126609999901
1611,0.06523050367832184,4.071615219116211,0.4095808810000108
1612,0.10275308787822723,0.4138990640640259,0.4134720889999244
1613,0.07873070240020752,0.590412974357605,0.4041274059999296
1614,0.0815371572971344,0.4039027690887451,0.40504479300000185
1615,0.09902752190828323,0.38330215215682983,0.4076686220000738
1616,0.05794351547956467,0.16680914163589478,0.39759783399995285
1617,0.054076455533504486,0.13227273523807526,0.4026677159999963
1618,0.06316579878330231,0.17275561392307281,0.4087492349999593
1619,0.0654439926147461,0.17871198058128357,0.41342605999989246
1620,0.059857361018657684,0.14429207146167755,0.40345810000007987
1621,0.06675954908132553,0.26455649733543396,0.4103441779999457
1622,0.07070325314998627,0.22495749592781067,0.407086497000023
1623,0.05570155382156372,0.09844108670949936,0.4174470430000383
1624,0.06938410550355911,0.3991440236568451,0.4073499050000464
1625,0.07029376924037933,0.2903215289115906,0.42384851999997863
1626,0.05373165383934975,0.10028737783432007,0.4206402290000142
1627,0.055915288627147675,0.14225023984909058,0.40691193700001804
1628,0.05553683638572693,0.2410983145236969,0.3990406839999423
1629,0.0698176771402359,0.2500911355018616,0.3997434420000445
1630,0.05046330392360687,0.12381362169981003,0.3974451549999003
1631,0.06391766667366028,0.23694218695163727,0.4003460700000687
1632,0.05670910328626633,0.12195849418640137,0.39840919400000985
1633,0.05582336336374283,0.09345342218875885,0.4076339810000036
1634,0.05850677937269211,1.6132240295410156,0.4075069190000704
1635,0.05282674729824066,0.2621059715747833,0.4271058429999357
1636,0.058075208216905594,0.19866855442523956,0.412290166000048
1637,0.05487367510795593,0.09439049661159515,0.3990950969999858
1638,0.05289236456155777,0.10871472209692001,0.4031278539999903
1639,0.056701429188251495,0.12800799310207367,0.41523921399993924
1640,0.050728488713502884,1.1355421543121338,0.4175522650000403
1641,0.12489327043294907,0.7926206588745117,0.41017615900000237
1642,0.06935810297727585,0.3342225253582001,0.41070101100001466
1643,0.05757913365960121,0.1775878220796585,0.4168210589999717
1644,0.0518609918653965,0.18744371831417084,0.409699049999972
1645,0.06449150294065475,0.2516172528266907,0.4011892030000581
1646,0.06352925300598145,0.21283100545406342,0.4038362420000112
1647,0.06575152277946472,0.3087250292301178,0.44344657300007384
1648,0.0576029047369957,0.16741017997264862,0.43836037199992006
1649,0.05397246778011322,0.15730217099189758,0.41365228100005424
1650,0.05795601010322571,0.17336533963680267,0.44114620799996374
1651,0.0745430737733841,0.3536314368247986,0.4073421780000217
1652,0.06876824051141739,10.783547401428223,0.42801738100001785
1653,0.07466422021389008,0.323703408241272,0.4065400099999579
1654,0.06133805960416794,0.23565730452537537,0.41755607499999314
1655,0.058582499623298645,0.1923513561487198,0.40576849600006426
1656,0.0820743590593338,0.4591374397277832,0.41489475999992464
1657,0.05694183334708214,0.27181223034858704,0.4484678269999449
1658,0.05792004615068436,0.16098660230636597,0.419421165000017
1659,0.07017812132835388,0.18236033618450165,0.41271223600006124
1660,0.06700341403484344,0.23628726601600647,0.4049124910000046
1661,0.07853199541568756,0.2855479121208191,0.39929749899999933
1662,0.05084314942359924,0.08787277340888977,0.4049072249999881
1663,0.059410564601421356,0.2350664734840393,0.40872397900000124
1664,0.06535590440034866,0.2574422061443329,0.4236643809999805
1665,0.09914182871580124,1.4944754838943481,0.42567128899997897
1666,0.13216270506381989,0.8435261845588684,0.4201104520000172
1667,0.06657203286886215,0.24275287985801697,0.42739174100006494
1668,0.08483614772558212,0.3995404839515686,0.4167049129999896
1669,0.05382024496793747,0.07655875384807587,0.4175511840001036
1670,0.059897832572460175,0.16624394059181213,0.42374575199994524
1671,0.10485537350177765,0.49946630001068115,0.4219358199999306
1672,0.05231814086437225,0.07572205364704132,0.4288096849999192
1673,0.16426697373390198,1.0332638025283813,0.43301046099998075
1674,0.07473927736282349,0.9367904663085938,0.41834039900004427
1675,0.05627762898802757,0.3512842357158661,0.41670840199992654
1676,0.055513981729745865,0.7306441068649292,0.4121583300000111
1677,0.05708496272563934,0.1329982429742813,0.40700380500004485
1678,0.0588650107383728,0.16566534340381622,0.4085007649999852
1679,0.05761606991291046,0.4381035268306732,0.4045007559999476
1680,0.0681377649307251,0.2843768894672394,0.403773507999972
1681,0.06375542283058167,0.2187393605709076,0.41494149799996194
1682,0.05476822331547737,0.13386602699756622,0.44843293999997513
1683,0.05900377035140991,0.5226984024047852,0.4079601949999869
1684,0.05473395064473152,0.1556674689054489,0.4031497720000061
1685,0.054140981286764145,0.09382310509681702,0.40283058600005006
1686,0.05309918150305748,0.08400692790746689,0.4110051239999848
1687,0.09419479221105576,0.2930643558502197,0.4068272550000529
1688,0.06116586551070213,0.2679518163204193,0.4096472039999526
1689,0.06425544619560242,0.27082908153533936,0.4069498169999406
1690,0.07828297466039658,0.39780959486961365,0.4094882480000024
1691,0.07298055291175842,0.35751405358314514,0.4149028619999626
1692,0.053498294204473495,0.08852946758270264,0.41982706700002836
1693,0.052865996956825256,0.23653468489646912,0.4053932020000275
1694,0.08527565002441406,0.3581978678703308,0.4022385639999584
1695,0.07542470842599869,0.3072097599506378,0.41630604099998436
1696,0.06423543393611908,4.436453342437744,0.40315992900002584
1697,0.057771533727645874,0.0923800989985466,0.40548324099995625
1698,0.08028201758861542,0.30966508388519287,0.423149780000017
1699,0.06159195303916931,0.16561798751354218,0.40211935900003937
1700,0.05226171761751175,0.17017419636249542,0.41005671000004895
1701,0.059356801211833954,0.15597081184387207,0.40349087699996744
1702,0.05746546760201454,0.15989623963832855,0.402370000000019
1703,0.09492117166519165,28.409576416015625,0.39970273300002646
1704,0.0902055948972702,0.6351147294044495,0.405873536999934
1705,0.06260476261377335,0.16693416237831116,0.409831889999964
1706,0.06047744303941727,0.18015016615390778,0.417717203000052
1707,0.0766686350107193,0.3005189001560211,0.4113722220000682
1708,0.11118879914283752,0.4644242227077484,0.4057173919999286
1709,0.056901104748249054,0.1679406762123108,0.4033559580000201
1710,0.050113871693611145,0.10100974142551422,0.39892023699997026
1711,0.0870877280831337,0.3588303029537201,0.39853175200005353
1712,0.08448993414640427,0.33682018518447876,0.4037880700000187
1713,0.06486966460943222,0.3003650903701782,0.4042377940000961
1714,0.0530703142285347,0.08017084747552872,0.4034965270000157
1715,0.0631386861205101,0.33440491557121277,0.4059758380000176
1716,0.06012258678674698,0.2391970455646515,0.4130253260000245
1717,0.0733652114868164,0.27150601148605347,0.3966480540000248
1718,0.059221602976322174,0.17230647802352905,0.39665532900005473
1719,0.0532866045832634,0.21381686627864838,0.4123188949999985
1720,0.06232152134180069,0.17300203442573547,0.40063124400001016
1721,0.08932707458734512,0.3502883315086365,0.40991161400006604
1722,0.07377880811691284,0.3848928213119507,0.42312692399991647
1723,0.1319781243801117,0.6649615168571472,0.4073657929999399
1724,0.07908455282449722,0.35350218415260315,0.39751738400002523
1725,0.10794331133365631,0.574805498123169,0.39433941800007233
1726,0.06149023771286011,0.1857355535030365,0.39727656700006264
1727,0.057554297149181366,0.15682899951934814,0.40352664700003515
1728,0.06366624683141708,0.21634726226329803,0.40337980599997536
1729,0.05336221680045128,0.08171525597572327,0.4006919729999936
1730,0.07493992149829865,0.29846593737602234,0.4276550429999588
1731,0.06048370897769928,0.18926666676998138,0.4161144790000435
1732,0.05952267721295357,0.1585921049118042,0.4007199940000419
1733,0.07301636785268784,1.9216904640197754,0.40316614999994727
1734,0.06643471121788025,0.4156925082206726,0.4071007819999295
1735,0.061007048934698105,0.215320885181427,0.40418843600002674
1736,0.051570288836956024,0.34686943888664246,0.4027972220000038
1737,0.05561967194080353,0.14885476231575012,0.4024106379999921
1738,0.07733311504125595,1.535622000694275,0.3977368280000064
1739,0.11291508376598358,0.6268924474716187,0.40092492600001606
1740,0.057256266474723816,0.12160205096006393,0.4032084960000475
1741,0.0778253823518753,0.2970508337020874,0.40066916099999617
1742,0.05156772583723068,0.15060418844223022,0.39860260600005404
1743,0.05041014403104782,0.10365735739469528,0.4082999760000803
1744,0.05678039789199829,0.12571947276592255,0.3977681290000419
1745,0.06861787289381027,0.2611018121242523,0.4073992360000602
1746,0.06462624669075012,0.17603187263011932,0.44551088200000777
1747,0.07957154512405396,0.3675910532474518,0.3982904530000724
1748,0.05828610062599182,0.12240082770586014,0.3995566419999932
1749,0.058651965111494064,0.15825064480304718,0.4002290240000548
1750,0.1322454810142517,0.6541994214057922,0.40680894699994496
1751,0.11819803714752197,0.5930947065353394,0.41936873400004515
1752,0.059567030519247055,0.1746559590101242,0.4019286170000669
1753,0.06690607964992523,0.22060337662696838,0.4039859560000423
1754,0.1338401436805725,0.783200204372406,0.4107659750000039
1755,0.08101551234722137,0.33548152446746826,0.4105428510000593
1756,0.07206619530916214,0.35187241435050964,0.4205821709999782
1757,0.1472070813179016,2.6193668842315674,0.4034304860000475
1758,0.07675276696681976,0.21880511939525604,0.40526704299998073
1759,0.0712570995092392,0.2613120973110199,0.4045198320000054
1760,0.059152133762836456,0.20481373369693756,0.4050628400000278
1761,0.0654769092798233,0.21985310316085815,0.41354618000002574
1762,0.05305256322026253,0.08820594102144241,0.39834319300007337
1763,0.07148917019367218,0.14565110206604004,0.4444844600000124
1764,0.05014211684465408,0.08819787949323654,0.43961337100006403
1765,0.07116042077541351,0.22205421328544617,0.4160165700000107
1766,0.06320442259311676,0.21224451065063477,0.40441935900003045
1767,0.05044937878847122,0.0844230204820633,0.4003510829999186
1768,0.07071109116077423,0.2413223385810852,0.4315434899999673
1769,0.0505051463842392,1.2872004508972168,0.4111468009999726
1770,0.06886149197816849,0.2123923897743225,0.40855280099992797
1771,0.0756993368268013,0.2994462251663208,0.39509209099992404
1772,0.06894761323928833,0.39855122566223145,0.3953252759999941
1773,0.06475308537483215,0.39604809880256653,0.39952510199998414
1774,0.05019734799861908,0.10271275043487549,0.4049401229999603
1775,0.09602750837802887,1.485400676727295,0.400343403000079
1776,0.06213939189910889,0.16990703344345093,0.39768750200005343
1777,0.07031330466270447,183.05166625976562,0.4121539650000159
1778,0.06095670163631439,0.16384096443653107,0.4058668340001077
1779,0.05797477066516876,0.15860481560230255,0.3936378280000099
1780,0.09087385982275009,0.32664811611175537,0.40188463300000876
1781,0.05818165838718414,0.14595550298690796,0.3969022029999678
1782,0.0577273890376091,0.17276450991630554,0.40148996300001727
1783,0.0806197002530098,0.39552539587020874,0.4050848169999881
1784,0.05859922990202904,0.19563359022140503,0.40168387400001393
1785,0.08093425631523132,0.3857479691505432,0.4070846630000915
1786,0.05987108498811722,0.24678851664066315,0.41023919999997815
1787,0.05301123857498169,0.09550421684980392,0.4072933249999551
1788,0.07545942068099976,0.2620337903499603,0.4070645080000759
1789,0.05415673181414604,1.6223305463790894,0.3991723760000241
1790,0.05403250828385353,0.08819705992937088,0.40661935000002813
1791,0.1012173444032669,0.4995495676994324,0.4085414219999848
1792,0.06712861359119415,0.24600358307361603,0.40505573600000844
1793,0.06178871542215347,0.18593016266822815,0.4204039409999041
1794,0.07530152797698975,0.23404847085475922,0.40049400800000967
1795,0.0995393842458725,2.588857889175415,0.40017666199992163
1796,0.05681783705949783,0.2952534556388855,0.39963293499999963
1797,0.0645197331905365,0.24911825358867645,0.4179807379999829
1798,0.05908092111349106,0.2681863307952881,0.3966768039999806
1799,0.057089973241090775,0.14125226438045502,0.39488689699999213
1800,0.06341837346553802,0.184463769197464,0.39932476400008454
1801,0.055343687534332275,0.20827610790729523,0.3952745670000013
1802,0.056258149445056915,0.11538903415203094,0.40567689599993173
1803,0.060777127742767334,0.24130545556545258,0.39581555999996
1804,0.06292147934436798,0.24286296963691711,0.39589615299996694
1805,0.05827409774065018,0.15091800689697266,0.40030226299995775
1806,0.06486444175243378,0.2660754323005676,0.3979965070000162
1807,0.09212599694728851,0.38654330372810364,0.3967024800000445
1808,0.05368097126483917,0.13172000646591187,0.39635343400004786
1809,0.09067894518375397,0.5265341997146606,0.4002342750000025
1810,0.13391344249248505,0.7953212261199951,0.4071803289999707
1811,0.061685629189014435,0.1486937254667282,0.4056073940000715
1812,0.05267277732491493,0.4642883539199829,0.3977267520000396
1813,0.06469470262527466,0.3402433693408966,0.3984595919999947
1814,0.054299406707286835,0.10397163778543472,0.4025530910000725
1815,0.05353645980358124,0.6260011792182922,0.3944062930000882
1816,0.05720912665128708,1.2019004821777344,0.39885740099998657
1817,0.09008480608463287,1.9607089757919312,0.4049578649999148
1818,0.060670673847198486,0.14103414118289948,0.4130046330000141
1819,0.08042629063129425,0.3640688955783844,0.4090255099999922
1820,0.0586710199713707,0.11596837639808655,0.4050015410000469
1821,0.06459038704633713,0.2265072762966156,0.40022382899996956
1822,0.06970284879207611,0.25484588742256165,0.40522106299999905
1823,0.11167939752340317,1.8073155879974365,0.4036717660000022
1824,0.12553498148918152,4.766097068786621,0.40736463799999
1825,0.055681128054857254,0.10424884408712387,0.4060573739999427
1826,0.05531405285000801,0.16781485080718994,0.4006798780000054
1827,0.06577134877443314,0.21417951583862305,0.4069779709999466
1828,0.05303172022104263,0.1318732649087906,0.3977852470000016
1829,0.09065553545951843,0.5286568999290466,0.4025086959999271
1830,0.05446726828813553,0.14156073331832886,0.40441805299997213
1831,0.07245148718357086,0.45804649591445923,0.39891813300005197
1832,0.0674094706773758,0.19556812942028046,0.4085887349999666
1833,0.12341812252998352,0.7098366022109985,0.39124928100000034
1834,0.05407051742076874,0.11951103806495667,0.398814772000037
1835,0.051282308995723724,0.13682341575622559,0.39464600799999516
1836,0.05507723242044449,0.11096304655075073,0.39155885599996054
1837,0.05817694589495659,0.14520685374736786,0.40218015900006776
1838,0.06868483126163483,0.23729324340820312,0.39186697299999196
1839,0.05653566122055054,0.12515650689601898,0.3923115460000872
1840,0.06658489257097244,0.23629964888095856,0.39489040600005865
1841,0.07695607841014862,0.28614866733551025,0.4032613699999956
1842,0.06222217530012131,0.2998337745666504,0.42875263799999175
1843,0.057531505823135376,0.14119452238082886,0.4035303320000594
1844,0.061910755932331085,0.2613677680492401,0.40048642199997175
1845,0.060907259583473206,3.3575985431671143,0.3940771070000437
1846,0.2129964530467987,3.2998647689819336,0.402431082000021
1847,0.06268171966075897,0.18961785733699799,0.39864311899998484
1848,0.06343846023082733,0.13642461597919464,0.40127010599996993
1849,0.05507771298289299,0.2915152907371521,0.40288797100004103
1850,0.05863732099533081,0.21829275786876678,0.401975210000046
1851,0.05623551830649376,9.06059455871582,0.3918903769999815
1852,0.05288906395435333,0.19646497070789337,0.4065745479999805
1853,0.073531873524189,0.2762542963027954,0.39259936700000253
1854,0.05496717989444733,0.14586345851421356,0.40573400900007073
1855,0.06623218953609467,0.47419652342796326,0.3980649609999318
1856,0.05710408091545105,0.13303564488887787,0.3990512389999594
1857,0.06281629204750061,0.2636236250400543,0.40570482099997207
1858,0.060555025935173035,0.21277302503585815,0.39880481000000145
1859,0.05755709856748581,0.2464144080877304,0.40654607900000883
1860,0.050162915140390396,0.17167928814888,0.40552442700004576
1861,0.04928269237279892,0.10561656951904297,0.40825063499994485
1862,0.07689441740512848,0.29116442799568176,0.4028359309999132
1863,0.06135142967104912,0.14904829859733582,0.40025671399996554
1864,0.06685559451580048,0.26651591062545776,0.40335120299994287
1865,0.06012464314699173,0.1658461093902588,0.4006385139999793
1866,0.059352561831474304,0.15068572759628296,0.4122429120000106
1867,0.061941247433423996,0.22928228974342346,0.4184067879999702
1868,0.05917517840862274,0.16792507469654083,0.40766224799995143
1869,0.12043479830026627,2.889590263366699,0.39144688200008204
1870,0.08259177953004837,0.36106616258621216,0.3986904560000539
1871,0.06071629002690315,0.23638398945331573,0.3978984820000733
1872,0.05488234758377075,0.06904472410678864,0.3955501320000394
1873,0.07115177065134048,0.2572001516819,0.3981059319999076
1874,0.05110977590084076,0.13301196694374084,0.409708683999952
1875,0.0544879212975502,0.16439837217330933,0.39900778900005207
1876,0.052576810121536255,0.11662451922893524,0.39772429899994677
1877,0.0692802220582962,0.27362555265426636,0.42250912200006496
1878,0.07076980173587799,0.23368480801582336,0.4185284220000085
1879,0.07754017412662506,0.3353849947452545,0.4082770260000643
1880,0.07554374635219574,0.31404006481170654,0.39868426700002146
1881,0.059873759746551514,0.19832053780555725,0.402881496999953
1882,0.04935148358345032,0.09504449367523193,0.39892593500007933
1883,0.058285318315029144,0.20327790081501007,0.39753305499993985
1884,0.054916247725486755,0.20006833970546722,0.3941116119999606
1885,0.06016799062490463,0.18115152418613434,0.39649018599993724
1886,0.056468211114406586,0.18732930719852448,0.3932710599999609
1887,0.0552995428442955,0.1359146237373352,0.3971544720000111
1888,0.055418290197849274,0.14425858855247498,0.4079260299999987
1889,0.05552642419934273,0.20792722702026367,0.3990613089999897
1890,0.0674639567732811,0.24687479436397552,0.40811384299991005
1891,0.05474098026752472,0.17491595447063446,0.4326707280000619
1892,0.05759890004992485,0.18687193095684052,0.4100269110000454
1893,0.05048908293247223,0.12562993168830872,0.40741769299995667
1894,0.05449125915765762,0.19309020042419434,0.40853415300000506
1895,0.07335210591554642,0.252866268157959,0.4017826399999649
1896,0.10704591870307922,0.7771705389022827,0.40354499500006114
1897,0.05568431317806244,0.14426106214523315,0.40481858600003306
1898,0.05617851763963699,0.175303652882576,0.40085409299990715
1899,0.12133752554655075,0.6032488346099854,0.4111228389999724
1900,0.052625872194767,0.12489162385463715,0.40899817499996516
1901,0.07794313132762909,0.3959572911262512,0.41369072400004825
1902,0.11930496245622635,0.7027798295021057,0.4072497399999975
1903,0.10048943012952805,0.487130731344223,0.4056947899999841
1904,0.06397754698991776,0.23129276931285858,0.4099884500000144
1905,0.059798382222652435,0.18582740426063538,0.42146850300002825
1906,0.0567171573638916,13.843819618225098,0.4151668030000337
1907,0.05799190700054169,0.15769997239112854,0.40887466599997424
1908,0.05614231899380684,0.1430143564939499,0.4136416910000662
1909,0.06310112774372101,0.2346903681755066,0.40642616900004214
1910,0.11441770941019058,4.876148223876953,0.4027464199999713
1911,0.08100678026676178,0.2935464084148407,0.407608636999953
1912,0.06728053838014603,0.28424715995788574,0.4216470000000072
1913,0.05034327507019043,0.09124525636434555,0.40405188900001576
1914,0.05391250178217888,0.17444150149822235,0.4041234709999344
1915,0.04736585170030594,0.08496877551078796,0.43933522800000446
1916,0.11360245943069458,1.5720425844192505,0.40886940100006086
1917,0.0569034069776535,0.13747814297676086,0.4096539309999798
1918,0.07817187905311584,0.34123948216438293,0.4084708509999473
1919,0.05069836229085922,0.12409355491399765,0.3984824969999181
1920,0.07677293568849564,0.6727330684661865,0.40469381100001556
1921,0.06177672743797302,0.31039193272590637,0.40691558200001055
1922,0.06304952502250671,0.18654772639274597,0.4049094959999593
1923,0.0717458426952362,0.47789740562438965,0.4032132969999793
1924,0.04994559288024902,0.08828049153089523,0.4121242470000652
1925,0.05083476006984711,0.12057989090681076,0.444661257000007
1926,0.05322958156466484,0.19806860387325287,0.3979005240000788
1927,0.057203732430934906,0.18124954402446747,0.39968225799998436
1928,0.053976040333509445,0.13698071241378784,0.4049548660000255
1929,0.05749163776636124,0.1802806854248047,0.39162697599999774
1930,0.07737361639738083,0.419254869222641,0.3955248870000787
1931,0.06211449205875397,0.2808140218257904,0.40190466599995034
1932,0.060845404863357544,0.14701610803604126,0.3993220019999626
1933,0.05261602625250816,0.18655738234519958,0.4032675590000281
1934,0.05465837940573692,0.19679191708564758,0.39644695300000876
1935,0.051607221364974976,0.1044251024723053,0.402460001999998
1936,0.0607343353331089,0.1278083622455597,0.40425250900000265
1937,0.055765654891729355,0.1497059017419815,0.3952709650000088
1938,0.07523620128631592,0.4539620578289032,0.3975580150000724
1939,0.058241672813892365,0.22739091515541077,0.4056124500000351
1940,0.05724378675222397,0.16841386258602142,0.41079423500002576
1941,0.05170412361621857,0.18203434348106384,0.4045020479999266
1942,0.05229590833187103,0.11243216693401337,0.39830451000000267
1943,0.06683045625686646,0.32710257172584534,0.4091750119999915
1944,0.07668671756982803,0.33907246589660645,0.40912667999998575
1945,0.05972432717680931,0.2131040394306183,0.40443946499999583
1946,0.05507446825504303,0.17663070559501648,0.4148529649999091
1947,0.054791953414678574,0.16562354564666748,0.4146278050000092
1948,0.05259392410516739,0.15373042225837708,0.41135984799996095
1949,0.050348151475191116,0.09114832431077957,0.4145770159999529
1950,0.06472554057836533,0.21256975829601288,0.4152847450000081
1951,0.05169999226927757,0.11531365662813187,0.4132038620000458
1952,0.06536905467510223,0.26811185479164124,0.4088470909999842
1953,0.0522676482796669,0.15474525094032288,0.4029456079999818
1954,0.0823853462934494,0.8428919911384583,0.39890870700003234
1955,0.05894209444522858,0.16441257297992706,0.4255595260000291
1956,0.06155850738286972,0.3256586790084839,0.4006189810000933
1957,0.050271689891815186,0.09834451228380203,0.41808599800003776
1958,0.08032898604869843,0.5034889578819275,0.43099161300006017
1959,0.0566311813890934,0.2408628761768341,0.43966594899995926
1960,0.06534168869256973,0.27315035462379456,0.41276359500000126
1961,0.07060033082962036,0.30163508653640747,0.4137999239999317
1962,0.05975343659520149,1.215682864189148,0.4287576159999844
1963,0.06865888088941574,0.29514583945274353,0.4310982009999407
1964,0.05373627692461014,0.12910966575145721,0.4135757189999367
1965,0.05718739703297615,0.1950831562280655,0.41246045399998366
1966,0.05535518378019333,0.1688864678144455,0.4023831780000364
1967,0.08464657515287399,0.6306748986244202,0.40967003100001875
1968,0.051646437495946884,0.11607786267995834,0.40560232100006033
1969,0.05864205211400986,0.18911321461200714,0.41037767700004224
1970,0.06217969208955765,0.24304141104221344,0.40862776999995276
1971,0.05385129153728485,0.1380787193775177,0.41245548699998835
1972,0.050864070653915405,0.07526290416717529,0.40010147999998935
1973,0.06077637895941734,0.1741025745868683,0.4097982050000155
1974,0.052557118237018585,0.17020736634731293,0.4062704909999866
1975,0.06427344679832458,0.23220767080783844,0.40359709000006205
1976,0.09118867665529251,0.6794717311859131,0.4052341430000297
1977,0.06360336393117905,0.262219101190567,0.40015176899999005
1978,0.05089094489812851,0.14634476602077484,0.4015203980000024
1979,0.07291333377361298,0.2685405910015106,0.4079181620001009
1980,0.08113430440425873,0.4015854299068451,0.4013381410001102
1981,0.1036069244146347,2.955756664276123,0.4006732269999702
1982,0.06065448746085167,0.6296970248222351,0.40190435100009836
1983,0.07490374147891998,0.4150134325027466,0.4023819740000363
1984,0.06544812023639679,0.23493692278862,0.40291068000010455
1985,0.06777045130729675,0.30146437883377075,0.4049550619999991
1986,0.05066608265042305,0.08209052681922913,0.4094387069999357
1987,0.1020040363073349,0.5777267813682556,0.4089465919998929
1988,0.05188262462615967,6.122529983520508,0.4266561740000725
1989,0.07103709131479263,0.2730651795864105,0.41572781200011377
1990,0.09518842399120331,0.508437991142273,0.41059185499989326
1991,0.05134022608399391,0.17806260287761688,0.4214091890000873
1992,0.09175029397010803,0.5186596512794495,0.41938159699998323
1993,0.05907830595970154,0.21553322672843933,0.4062711080000554
1994,0.06334702670574188,0.17235800623893738,0.4021575209999355
1995,0.0643681138753891,0.2597431540489197,0.40712943099993026
1996,0.07839424908161163,1.0919601917266846,0.40987148700014586
1997,0.052144430577754974,0.1165345311164856,0.396761467000033
1998,0.053070828318595886,0.1471894234418869,0.4050495609999416
1999,0.052343808114528656,0.11516547948122025,0.40302019899991137
2000,0.061365511268377304,0.18887017667293549,0.3973295819998839
